0,1,2
2.881782318126537,"{'C': 75, 'epsilon': 0.01, 'max_iter': 50, 'tolerance': 0.01, 'degree': 5, 'offset': 2}","[2.6421850156196993, 2.5042338148873404, 2.596378774639537, 2.5590050101831516, 4.107108975302956]"
2.914767896119694,"{'C': 100, 'epsilon': 0.1, 'max_iter': 10, 'tolerance': 0.001, 'degree': 5, 'offset': 2}","[2.678112885482415, 2.685009950723142, 3.074127588816666, 2.91246233480618, 3.2241267207700655]"
3.028329849703712,"{'C': 100, 'epsilon': 0.01, 'max_iter': 50, 'tolerance': 0.01, 'degree': 5, 'offset': 2}","[3.0030961866318724, 2.930803352208109, 3.6150463035874725, 3.000250281365068, 2.592453124726041]"
3.0656681574898315,"{'C': 100, 'epsilon': 0.01, 'max_iter': 10, 'tolerance': 0.01, 'degree': 5, 'offset': 1}","[3.2306441381183673, 3.1573374956907174, 2.9808631236167344, 3.510275247278912, 2.449220782744427]"
3.0660663245361484,"{'C': 50, 'epsilon': 0.001, 'max_iter': 10, 'tolerance': 0.001, 'degree': 5, 'offset': 2}","[2.6841124914811862, 2.9457809106744004, 3.543246031015883, 3.4021857310664982, 2.7550064584427747]"
3.074170498499818,"{'C': 100, 'epsilon': 0.001, 'max_iter': 10, 'tolerance': 0.01, 'degree': 5, 'offset': 2}","[2.904754084830975, 3.494306404451157, 2.7260641164732724, 3.6350833365116557, 2.6106445502320295]"
3.082787251370081,"{'C': 100, 'epsilon': 0.001, 'max_iter': 10, 'tolerance': 0.001, 'degree': 5, 'offset': 2}","[2.639865296421021, 3.226296968649883, 2.4942703982867904, 2.9200755130140092, 4.1334280804787]"
3.0929762956352933,"{'C': 50, 'epsilon': 0.1, 'max_iter': 50, 'tolerance': 0.01, 'degree': 5, 'offset': 2}","[3.0321504261464725, 2.4278010826836485, 2.725169673152384, 2.638546166981075, 4.641214129212885]"
3.1557134512264655,"{'C': 100, 'epsilon': 0.01, 'max_iter': 50, 'tolerance': 0.001, 'degree': 5, 'offset': 2}","[2.906264191311863, 3.1380948435569587, 3.28673488704674, 2.8112046386486567, 3.63626869556811]"
3.1859502268613893,"{'C': 50, 'epsilon': 0.1, 'max_iter': 10, 'tolerance': 0.01, 'degree': 5, 'offset': 2}","[3.0005225931045705, 3.112870050763538, 3.7589508000529404, 2.986625176545745, 3.0707825138401534]"
3.188756264806552,"{'C': 75, 'epsilon': 0.01, 'max_iter': 50, 'tolerance': 0.001, 'degree': 5, 'offset': 2}","[2.6522392308588523, 2.668874115128481, 3.5372063437590673, 3.554694487086692, 3.5307671471996662]"
3.2011355337587704,"{'C': 50, 'epsilon': 0.01, 'max_iter': 50, 'tolerance': 0.001, 'degree': 5, 'offset': 2}","[3.3476300006331625, 3.0226418257588925, 2.733107868184385, 2.6228277544115666, 4.279470219805846]"
3.22003779422782,"{'C': 100, 'epsilon': 0.1, 'max_iter': 50, 'tolerance': 0.001, 'degree': 5, 'offset': 2}","[2.9536351392441347, 2.8226874777493034, 3.7733532642261904, 3.196456615648055, 3.3540564742714185]"
3.2436037354914355,"{'C': 50, 'epsilon': 0.001, 'max_iter': 50, 'tolerance': 0.001, 'degree': 5, 'offset': 2}","[2.6625288316438445, 3.012151396242353, 3.674143309828117, 3.24947538822077, 3.619719751522094]"
3.2583419208983564,"{'C': 50, 'epsilon': 0.1, 'max_iter': 50, 'tolerance': 0.001, 'degree': 5, 'offset': 2}","[3.2654436165948093, 3.4363189255688456, 3.584437979784718, 3.156218637238854, 2.849290445304553]"
3.262395172852417,"{'C': 50, 'epsilon': 0.1, 'max_iter': 10, 'tolerance': 0.001, 'degree': 5, 'offset': 2}","[3.8350043530388467, 4.288144744070509, 2.3477858739031667, 2.790821457302117, 3.0502194359474455]"
3.2740431870219537,"{'C': 100, 'epsilon': 0.01, 'max_iter': 10, 'tolerance': 0.01, 'degree': 5, 'offset': 2}","[2.414930084176002, 2.2141567150034276, 4.111207610864199, 4.031121463194281, 3.598800061871858]"
3.3605147362229753,"{'C': 75, 'epsilon': 0.001, 'max_iter': 10, 'tolerance': 0.001, 'degree': 5, 'offset': 2}","[3.0215071199371164, 4.355273998285444, 3.145214117602289, 2.8468420074940664, 3.4337364377959583]"
3.3782785369957766,"{'C': 100, 'epsilon': 0.1, 'max_iter': 10, 'tolerance': 0.01, 'degree': 5, 'offset': 1}","[3.134130107813862, 3.3567491913891456, 3.0788871160351516, 2.8808010618701543, 4.4408252078705654]"
3.38046662227501,"{'C': 100, 'epsilon': 0.01, 'max_iter': 10, 'tolerance': 0.001, 'degree': 5, 'offset': 2}","[3.1191409665786964, 3.617321733675664, 2.5806470363303475, 3.8250002727587122, 3.7602231020316275]"
3.390204477198714,"{'C': 75, 'epsilon': 0.01, 'max_iter': 10, 'tolerance': 0.001, 'degree': 5, 'offset': 2}","[3.346516184800469, 2.522693919920608, 3.024331604893014, 3.451283470738782, 4.606197205640698]"
3.4210778713275003,"{'C': 75, 'epsilon': 0.1, 'max_iter': 50, 'tolerance': 0.001, 'degree': 5, 'offset': 2}","[3.816219455785392, 3.018322330848024, 4.512360846465057, 3.0477656840299394, 2.7107210395090893]"
3.4236775900037215,"{'C': 50, 'epsilon': 0.01, 'max_iter': 10, 'tolerance': 0.01, 'degree': 5, 'offset': 1}","[4.723416886242424, 3.097712902368193, 3.8810388718194533, 2.6870253012503236, 2.7291939883382126]"
3.444166709318819,"{'C': 75, 'epsilon': 0.1, 'max_iter': 50, 'tolerance': 0.001, 'degree': 5, 'offset': 1}","[3.4237112380011885, 3.872521871919632, 3.5362313703984705, 3.5040543390735657, 2.884314727201236]"
3.494656361243299,"{'C': 75, 'epsilon': 0.001, 'max_iter': 50, 'tolerance': 0.01, 'degree': 5, 'offset': 2}","[2.7178101949480467, 4.152839109346609, 2.952930095441542, 2.572605857811831, 5.077096548668467]"
3.5124756857811392,"{'C': 50, 'epsilon': 0.001, 'max_iter': 50, 'tolerance': 0.01, 'degree': 5, 'offset': 2}","[3.9177260083777043, 3.5966008549697412, 2.4496260384726907, 3.0054353551698, 4.592990171915758]"
3.518384035097283,"{'C': 75, 'epsilon': 0.01, 'max_iter': 50, 'tolerance': 0.001, 'degree': 5, 'offset': 1}","[3.0015475637456697, 4.384847716511107, 3.114371424954298, 3.140792244513483, 3.95036122576186]"
3.531122772312372,"{'C': 75, 'epsilon': 0.01, 'max_iter': 10, 'tolerance': 0.001, 'degree': 5, 'offset': 1}","[3.3679112350069356, 3.255114562169882, 4.052391861400461, 3.311319541218648, 3.6688766617659354]"
3.5347062284217614,"{'C': 75, 'epsilon': 0.01, 'max_iter': 10, 'tolerance': 0.01, 'degree': 5, 'offset': 2}","[2.8966834409868807, 2.866439720969887, 3.2032505877928736, 6.158248528385051, 2.5489088639741126]"
3.5451006952591535,"{'C': 100, 'epsilon': 0.1, 'max_iter': 50, 'tolerance': 0.01, 'degree': 7, 'offset': 2}","[3.906462410425979, 3.5021341884908543, 3.541045878772902, 3.2884331440497543, 3.4874278545562754]"
3.5467448808330646,"{'C': 100, 'epsilon': 0.1, 'max_iter': 50, 'tolerance': 0.01, 'degree': 5, 'offset': 1}","[3.577469072664255, 3.253045357190262, 4.915211016803801, 2.718216438147552, 3.269782519359449]"
3.550478562155272,"{'C': 100, 'epsilon': 0.01, 'max_iter': 50, 'tolerance': 0.001, 'degree': 5, 'offset': 1}","[3.416873132477314, 3.5866891115450468, 2.8238757131153807, 4.265245813361969, 3.6597090402766477]"
3.576918471107922,"{'C': 75, 'epsilon': 0.001, 'max_iter': 10, 'tolerance': 0.001, 'degree': 5, 'offset': 1}","[4.20075784039456, 4.3032103077772055, 3.0344489816576528, 2.9305813301357846, 3.4155938955744065]"
3.577843481804475,"{'C': 100, 'epsilon': 0.001, 'max_iter': 50, 'tolerance': 0.001, 'degree': 5, 'offset': 2}","[3.555911262587868, 3.257860365288594, 3.8184809796419374, 3.2538260242174335, 4.003138777286543]"
3.5933621239755893,"{'C': 50, 'epsilon': 0.001, 'max_iter': 10, 'tolerance': 0.01, 'degree': 5, 'offset': 2}","[2.5531174481264864, 3.9387435409171694, 3.94587797013309, 2.4128765184759335, 5.116195142225269]"
3.593494350698701,"{'C': 100, 'epsilon': 0.001, 'max_iter': 50, 'tolerance': 0.001, 'degree': 5, 'offset': 1}","[3.1864186623169135, 3.7711750278923013, 3.4365794663788423, 3.298774286722449, 4.274524310183]"
3.593764826001685,"{'C': 100, 'epsilon': 0.001, 'max_iter': 10, 'tolerance': 0.001, 'degree': 5, 'offset': 0.5}","[3.496871707628529, 4.410033217105915, 3.133063372105341, 3.999821246710207, 2.9290345864584326]"
3.6135930045933984,"{'C': 75, 'epsilon': 0.1, 'max_iter': 10, 'tolerance': 0.01, 'degree': 5, 'offset': 2}","[4.616540388501827, 2.4014549645264873, 3.479197050231689, 4.098370682445261, 3.472401937261726]"
3.6169994527867386,"{'C': 50, 'epsilon': 0.01, 'max_iter': 10, 'tolerance': 0.001, 'degree': 5, 'offset': 2}","[2.6363230947761536, 2.9508791396604166, 3.370229940787624, 3.9093592986924044, 5.218205790017095]"
3.6181664176239634,"{'C': 100, 'epsilon': 0.001, 'max_iter': 50, 'tolerance': 0.01, 'degree': 5, 'offset': 2}","[3.392304981170942, 4.017120773793591, 2.5550152265533304, 2.437171765409653, 5.689219341192299]"
3.6421740561092806,"{'C': 75, 'epsilon': 0.01, 'max_iter': 50, 'tolerance': 0.01, 'degree': 5, 'offset': 0.5}","[3.368701395423609, 3.3874791402837348, 4.356591286786181, 3.343375816180675, 3.7547226418722026]"
3.643741736403887,"{'C': 75, 'epsilon': 0.1, 'max_iter': 10, 'tolerance': 0.001, 'degree': 5, 'offset': 1}","[4.842105829471382, 3.4031581436137355, 2.99079758316221, 3.8538624695056827, 3.1287846562664265]"
3.682259689483272,"{'C': 50, 'epsilon': 0.001, 'max_iter': 50, 'tolerance': 0.001, 'degree': 5, 'offset': 1}","[3.8314749777301915, 2.911829784234959, 4.5752317583186555, 3.646443478680617, 3.446318448451937]"
3.7132441314518365,"{'C': 50, 'epsilon': 0.01, 'max_iter': 50, 'tolerance': 0.001, 'degree': 5, 'offset': 1}","[4.054618123838813, 3.803138099541918, 2.992605454632458, 4.01803385121172, 3.697825128034274]"
3.72010364035318,"{'C': 100, 'epsilon': 0.1, 'max_iter': 10, 'tolerance': 0.01, 'degree': 5, 'offset': 2}","[2.7320384761014007, 4.293414160944524, 3.4105459233402886, 2.9535704901834223, 5.2109491511962664]"
3.7326497044652185,"{'C': 100, 'epsilon': 0.1, 'max_iter': 50, 'tolerance': 0.001, 'degree': 5, 'offset': 0.5}","[3.6611474355921025, 4.28299732748635, 3.012353320489875, 3.707474074625824, 3.9992763641319398]"
3.7347425726403722,"{'C': 50, 'epsilon': 0.001, 'max_iter': 50, 'tolerance': 0.01, 'degree': 5, 'offset': 1}","[2.8242663027256167, 3.8563192762009173, 4.7136729731531, 4.217983657472714, 3.061470653649511]"
3.7359471192457705,"{'C': 50, 'epsilon': 0.1, 'max_iter': 10, 'tolerance': 0.01, 'degree': 5, 'offset': 0.5}","[4.744084934419979, 3.9278177098563836, 3.22754644691044, 3.5750427362759885, 3.2052437687660618]"
3.7437667321154775,"{'C': 100, 'epsilon': 0.001, 'max_iter': 50, 'tolerance': 0.001, 'degree': 5, 'offset': 0.5}","[3.6315088516843494, 3.8869732211934975, 3.5426215232174996, 4.038437518806903, 3.6192925456751404]"
3.761119098002564,"{'C': 75, 'epsilon': 0.01, 'max_iter': 10, 'tolerance': 0.01, 'degree': 5, 'offset': 1}","[3.5425496930986133, 3.2087383753986853, 3.945970601164753, 3.4962205835075713, 4.612116236843198]"
3.7718099243645087,"{'C': 50, 'epsilon': 0.01, 'max_iter': 10, 'tolerance': 0.001, 'degree': 5, 'offset': 1}","[4.809170997698364, 3.426140606675946, 3.8126500052743646, 3.343378883130098, 3.4677091290437705]"
3.785672241118694,"{'C': 100, 'epsilon': 0.001, 'max_iter': 10, 'tolerance': 0.001, 'degree': 5, 'offset': 1}","[3.7483254827136188, 3.7639518044477867, 3.872560067841904, 3.7972158338141506, 3.7463080167760108]"
3.798992372605943,"{'C': 100, 'epsilon': 0.1, 'max_iter': 10, 'tolerance': 0.001, 'degree': 5, 'offset': 1}","[3.5758000430601684, 3.975377726452207, 3.1694714633872394, 3.8165341062132216, 4.457778523916878]"
3.8055757057499475,"{'C': 75, 'epsilon': 0.001, 'max_iter': 50, 'tolerance': 0.001, 'degree': 5, 'offset': 1}","[3.5420437625433894, 3.4863974412493595, 2.8499473859709314, 4.926382279402223, 4.2231076595838335]"
3.812227138146735,"{'C': 75, 'epsilon': 0.01, 'max_iter': 10, 'tolerance': 0.001, 'degree': 7, 'offset': 2}","[3.997489285126156, 4.4489306934555035, 3.069535119660284, 3.3664022405920075, 4.178778351899724]"
3.813641462644031,"{'C': 50, 'epsilon': 0.1, 'max_iter': 50, 'tolerance': 0.001, 'degree': 5, 'offset': 0.5}","[3.346478131615671, 4.476862011204574, 3.0815853151599018, 3.8179380084564265, 4.345343846783582]"
3.8142286658216094,"{'C': 50, 'epsilon': 0.1, 'max_iter': 50, 'tolerance': 0.001, 'degree': 5, 'offset': 1}","[3.9156747128105924, 3.723314039766599, 4.6127835964253805, 3.1516286912598255, 3.66774228884565]"
3.814370246885775,"{'C': 75, 'epsilon': 0.001, 'max_iter': 50, 'tolerance': 0.001, 'degree': 5, 'offset': 2}","[2.8414206596684095, 4.149167260612249, 3.5189502626931994, 3.7177797578979965, 4.844533293557024]"
3.81693157596987,"{'C': 100, 'epsilon': 0.001, 'max_iter': 50, 'tolerance': 0.001, 'degree': 7, 'offset': 2}","[4.6098444872417135, 3.9934679855828263, 3.597163959270566, 3.1332317191265258, 3.750949728627718]"
3.819784915739344,"{'C': 75, 'epsilon': 0.1, 'max_iter': 50, 'tolerance': 0.01, 'degree': 5, 'offset': 1}","[3.0664470344987333, 5.28152792815439, 4.0765360722309865, 3.176363841349322, 3.498049702463289]"
3.8292422149829135,"{'C': 50, 'epsilon': 0.01, 'max_iter': 50, 'tolerance': 0.01, 'degree': 5, 'offset': 2}","[3.71742510214905, 4.846286604326142, 2.979122184920781, 2.8301045952870854, 4.77327258823151]"
3.8416388631437557,"{'C': 100, 'epsilon': 0.1, 'max_iter': 50, 'tolerance': 0.001, 'degree': 5, 'offset': 1}","[4.68914103451242, 3.5096020775191046, 3.5659802556899267, 3.257582038367784, 4.185888909629544]"
3.864803768935121,"{'C': 50, 'epsilon': 0.1, 'max_iter': 10, 'tolerance': 0.001, 'degree': 5, 'offset': 0.5}","[3.9946539805639296, 3.730944002293668, 4.512818966372033, 3.4929135979358206, 3.592688297510153]"
3.8699720446741894,"{'C': 75, 'epsilon': 0.1, 'max_iter': 50, 'tolerance': 0.01, 'degree': 5, 'offset': 2}","[3.131836610926911, 3.806643606348066, 4.426469549825402, 3.707034461765888, 4.277875994504681]"
3.8936660093170596,"{'C': 75, 'epsilon': 0.1, 'max_iter': 10, 'tolerance': 0.001, 'degree': 5, 'offset': 2}","[3.6003995053386637, 4.672101340856183, 2.606843378426602, 3.2383951472664068, 5.350590674697443]"
3.931157910849251,"{'C': 50, 'epsilon': 0.001, 'max_iter': 10, 'tolerance': 0.01, 'degree': 5, 'offset': 0.5}","[4.12110449556334, 4.2336032572973, 3.2390099067741813, 4.029337341535904, 4.032734553075526]"
3.9334072742748356,"{'C': 100, 'epsilon': 0.01, 'max_iter': 50, 'tolerance': 0.01, 'degree': 5, 'offset': 1}","[5.26906298332648, 3.247930533196265, 3.1449916260825477, 2.7199853265771416, 5.285065902191743]"
3.9336740409835413,"{'C': 75, 'epsilon': 0.001, 'max_iter': 10, 'tolerance': 0.01, 'degree': 5, 'offset': 1}","[2.7841512880674997, 3.2024271221862106, 2.7578462010993894, 5.428925191780983, 5.495020401783625]"
3.945431477477503,"{'C': 75, 'epsilon': 0.01, 'max_iter': 50, 'tolerance': 0.001, 'degree': 5, 'offset': 0.5}","[3.7398060143367307, 4.237918892592493, 3.8040327951734505, 4.355801963845839, 3.589597721439002]"
3.957958400189738,"{'C': 75, 'epsilon': 0.1, 'max_iter': 10, 'tolerance': 0.01, 'degree': 5, 'offset': 1}","[5.056626652809163, 3.036589776398329, 4.461026225713084, 2.882863617111916, 4.3526857289161995]"
3.9651116072521284,"{'C': 100, 'epsilon': 0.01, 'max_iter': 50, 'tolerance': 0.001, 'degree': 5, 'offset': 0.5}","[3.9989056880304203, 4.013328413854043, 3.2770791343653607, 3.9401190052196435, 4.596125794791173]"
3.9720291066525535,"{'C': 100, 'epsilon': 0.01, 'max_iter': 10, 'tolerance': 0.01, 'degree': 7, 'offset': 2}","[3.748601522651734, 4.112943160065099, 4.962500218613248, 3.0538817405588072, 3.9822188913738787]"
4.007132107624168,"{'C': 50, 'epsilon': 0.1, 'max_iter': 50, 'tolerance': 0.01, 'degree': 5, 'offset': 0.5}","[4.0853811852861694, 4.9213647749863805, 3.9997853063796383, 3.369363575262672, 3.6597656962059766]"
4.044035108944009,"{'C': 75, 'epsilon': 0.01, 'max_iter': 10, 'tolerance': 0.01, 'degree': 7, 'offset': 2}","[6.8214851070068, 3.6232326628000227, 3.0128791804099744, 3.337860978953194, 3.424717615550056]"
4.0472231391244575,"{'C': 100, 'epsilon': 0.1, 'max_iter': 10, 'tolerance': 0.001, 'degree': 5, 'offset': 0.5}","[3.508224164097627, 4.884427729636722, 3.386043610503734, 5.696823309322824, 2.7605968820613835]"
4.052948352903718,"{'C': 50, 'epsilon': 0.1, 'max_iter': 10, 'tolerance': 0.01, 'degree': 5, 'offset': 1}","[3.1210020009728425, 6.493641808999524, 3.311732486990229, 3.547021084012404, 3.791344383543594]"
4.058054709035952,"{'C': 100, 'epsilon': 0.01, 'max_iter': 50, 'tolerance': 0.01, 'degree': 5, 'offset': 0.5}","[3.0269827166780234, 4.670977771954828, 4.509665666152623, 3.615354558460754, 4.467292831933533]"
4.074553463352906,"{'C': 50, 'epsilon': 0.01, 'max_iter': 50, 'tolerance': 0.001, 'degree': 5, 'offset': 0.5}","[3.539866254762701, 4.471986570052121, 3.604913020838917, 3.9352343021511538, 4.820767168959637]"
4.098962251687566,"{'C': 50, 'epsilon': 0.001, 'max_iter': 50, 'tolerance': 0.01, 'degree': 7, 'offset': 2}","[3.4028362276491926, 4.067561247125635, 3.990421513841311, 3.5753299695309666, 5.458662300290727]"
4.102124229247887,"{'C': 50, 'epsilon': 0.001, 'max_iter': 10, 'tolerance': 0.001, 'degree': 5, 'offset': 0.5}","[3.974752805893434, 3.4146400791827998, 3.2599037218021607, 5.983855380770856, 3.877469158590188]"
4.113172238032377,"{'C': 50, 'epsilon': 0.01, 'max_iter': 50, 'tolerance': 0.001, 'degree': 7, 'offset': 2}","[3.86148387889406, 3.443977325533538, 3.8741820290646696, 6.127483247375227, 3.25873470929439]"
4.114291441074715,"{'C': 100, 'epsilon': 0.001, 'max_iter': 10, 'tolerance': 0.001, 'degree': 7, 'offset': 2}","[3.4112189967002045, 5.114239550638478, 3.151014843705687, 3.5806204159983572, 5.314363398330851]"
4.120806844434343,"{'C': 100, 'epsilon': 0.01, 'max_iter': 10, 'tolerance': 0.001, 'degree': 5, 'offset': 1}","[4.932612667682499, 3.0411560410473, 3.3651991387918807, 3.262640774013319, 6.002425600636716]"
4.131490299857633,"{'C': 50, 'epsilon': 0.001, 'max_iter': 10, 'tolerance': 0.01, 'degree': 7, 'offset': 2}","[4.9925184797969235, 4.072844775249285, 3.7123812269040886, 3.7020427388868593, 4.177664278451006]"
4.143529219278791,"{'C': 100, 'epsilon': 0.1, 'max_iter': 50, 'tolerance': 0.01, 'degree': 5, 'offset': 2}","[2.9500868374256437, 6.823634467753511, 4.004841905530432, 2.6186591297454553, 4.3204237559389105]"
4.149909590603285,"{'C': 50, 'epsilon': 0.01, 'max_iter': 10, 'tolerance': 0.01, 'degree': 7, 'offset': 2}","[3.2042156472732595, 3.377246371085123, 5.76294425551746, 3.8901004691333303, 4.515041210007251]"
4.1837191340710875,"{'C': 50, 'epsilon': 0.1, 'max_iter': 10, 'tolerance': 0.001, 'degree': 5, 'offset': 1}","[3.3981831408015086, 4.412507707667329, 3.6705442860331234, 5.816409744415096, 3.620950791438378]"
4.185154466311451,"{'C': 50, 'epsilon': 0.1, 'max_iter': 10, 'tolerance': 0.001, 'degree': 7, 'offset': 2}","[3.1802779213284835, 4.274161422099317, 3.514617046356456, 3.9216751026231975, 6.0350408391498025]"
4.204107023476911,"{'C': 75, 'epsilon': 0.001, 'max_iter': 50, 'tolerance': 0.001, 'degree': 5, 'offset': 0.5}","[3.958323992079133, 4.026734820640393, 4.470772820379114, 4.5517745065172495, 4.012928977768668]"
4.216101528222117,"{'C': 100, 'epsilon': 0.01, 'max_iter': 10, 'tolerance': 0.001, 'degree': 7, 'offset': 2}","[3.0496174810088936, 3.688039305953475, 4.6981709863365655, 4.418064000161561, 5.226615867650093]"
4.216763573517631,"{'C': 50, 'epsilon': 0.1, 'max_iter': 10, 'tolerance': 0.001, 'degree': 8, 'offset': 2}","[4.443978276550989, 3.9993174932455764, 4.409367608828722, 3.922237905931945, 4.308916583030924]"
4.224406629159276,"{'C': 50, 'epsilon': 0.01, 'max_iter': 10, 'tolerance': 0.01, 'degree': 5, 'offset': 2}","[2.3518557643777123, 4.517817318930659, 5.293281153283211, 3.267789607030236, 5.691289302174563]"
4.234319191675981,"{'C': 50, 'epsilon': 0.01, 'max_iter': 50, 'tolerance': 0.01, 'degree': 5, 'offset': 0.5}","[4.137522648328294, 2.9860758642741914, 4.791543497543873, 5.576479491225419, 3.6799744570081256]"
4.259012029385206,"{'C': 100, 'epsilon': 0.01, 'max_iter': 50, 'tolerance': 0.01, 'degree': 7, 'offset': 2}","[3.925544710563479, 5.9940644346933425, 3.4276540466442578, 4.078972705661971, 3.8688242493629814]"
4.2590876097698125,"{'C': 75, 'epsilon': 0.01, 'max_iter': 50, 'tolerance': 0.01, 'degree': 7, 'offset': 2}","[3.6569199474651275, 3.692084776394811, 3.3698347687371384, 6.213014181231332, 4.363584375020651]"
4.261910479631906,"{'C': 75, 'epsilon': 0.1, 'max_iter': 50, 'tolerance': 0.001, 'degree': 5, 'offset': 0.5}","[4.391469739217311, 3.3151435176693513, 4.556130330114364, 3.90602383360404, 5.140784977554463]"
4.263552981404841,"{'C': 50, 'epsilon': 0.001, 'max_iter': 10, 'tolerance': 0.001, 'degree': 5, 'offset': 1}","[3.0591832284261677, 5.593826021803757, 3.415655402430596, 4.122679556729827, 5.126420697633853]"
4.265757162053911,"{'C': 100, 'epsilon': 0.001, 'max_iter': 50, 'tolerance': 0.01, 'degree': 5, 'offset': 1}","[5.923588535375429, 2.657597625709981, 3.832505798072777, 2.975164037737916, 5.939929813373453]"
4.272621884317472,"{'C': 50, 'epsilon': 0.001, 'max_iter': 50, 'tolerance': 0.01, 'degree': 8, 'offset': 2}","[4.4786397130479525, 4.225578985490222, 4.143884704057664, 4.171779984938362, 4.343226034053157]"
4.275804502602872,"{'C': 75, 'epsilon': 0.1, 'max_iter': 10, 'tolerance': 0.001, 'degree': 7, 'offset': 2}","[3.141646880831798, 3.6990234202862182, 5.094817762304082, 3.8853078729007207, 5.558226576691544]"
4.280356535626903,"{'C': 75, 'epsilon': 0.001, 'max_iter': 10, 'tolerance': 0.001, 'degree': 5, 'offset': 0.5}","[3.223560539782556, 4.902001003315804, 3.7505178687490104, 4.743420182632184, 4.782283083654961]"
4.2908332382192285,"{'C': 50, 'epsilon': 0.01, 'max_iter': 50, 'tolerance': 0.01, 'degree': 5, 'offset': 1}","[5.1357198160639825, 6.514040869380785, 3.2663008502460444, 3.2505635320561628, 3.287541123349169]"
4.322623494147176,"{'C': 75, 'epsilon': 0.001, 'max_iter': 10, 'tolerance': 0.01, 'degree': 5, 'offset': 2}","[3.155396375860759, 4.643682345545182, 2.4912371336412136, 4.761689858049981, 6.561111757638746]"
4.324511662276914,"{'C': 100, 'epsilon': 0.01, 'max_iter': 50, 'tolerance': 0.001, 'degree': 7, 'offset': 2}","[3.9397072156806847, 4.688377478168751, 3.473234683629639, 3.424657050490233, 6.096581883415267]"
4.337605274266577,"{'C': 50, 'epsilon': 0.01, 'max_iter': 50, 'tolerance': 0.01, 'degree': 7, 'offset': 1}","[4.341955201768435, 4.510567476895675, 4.169899322779067, 4.660211918255168, 4.005392451634541]"
4.3470544262201,"{'C': 75, 'epsilon': 0.001, 'max_iter': 50, 'tolerance': 0.01, 'degree': 5, 'offset': 1}","[3.052354863047811, 3.4357829538688724, 4.49647037844848, 5.035004150836693, 5.715659784898646]"
4.367165712993281,"{'C': 100, 'epsilon': 0.1, 'max_iter': 10, 'tolerance': 0.01, 'degree': 5, 'offset': 0.5}","[4.232060949912485, 3.765714156957359, 5.546732097814092, 4.793937185232976, 3.4973841750494916]"
4.368503614557215,"{'C': 100, 'epsilon': 0.01, 'max_iter': 10, 'tolerance': 0.001, 'degree': 8, 'offset': 2}","[5.029211687945686, 4.788115733181109, 3.654654283330656, 4.01381803360499, 4.356718334723639]"
4.380702363528966,"{'C': 50, 'epsilon': 0.001, 'max_iter': 50, 'tolerance': 0.001, 'degree': 7, 'offset': 2}","[3.863456453614208, 3.6955013735326183, 3.3037626394087827, 6.941559228168884, 4.099232122920339]"
4.383168888627542,"{'C': 100, 'epsilon': 0.001, 'max_iter': 10, 'tolerance': 0.01, 'degree': 5, 'offset': 1}","[5.406288749456116, 3.4124942864933208, 5.16673958574007, 4.186704899361674, 3.743616922086523]"
4.385561848119808,"{'C': 100, 'epsilon': 0.001, 'max_iter': 50, 'tolerance': 0.01, 'degree': 7, 'offset': 1}","[4.452735659027872, 4.765097188811042, 4.670760110617196, 4.231358002641253, 3.8078582795016795]"
4.389751185438418,"{'C': 75, 'epsilon': 0.1, 'max_iter': 50, 'tolerance': 0.001, 'degree': 7, 'offset': 2}","[3.400146857635657, 5.506527440050558, 3.829638046015534, 5.174973940925795, 4.037469642564545]"
4.431170975045783,"{'C': 100, 'epsilon': 0.1, 'max_iter': 50, 'tolerance': 0.001, 'degree': 7, 'offset': 2}","[3.8391532792503336, 7.00377248452427, 3.7924530480365495, 3.8039611773748767, 3.7165148860428845]"
4.431511762309272,"{'C': 75, 'epsilon': 0.01, 'max_iter': 50, 'tolerance': 0.01, 'degree': 5, 'offset': 1}","[3.6853306419789695, 4.338650287337586, 3.9400563928592987, 6.009808829735659, 4.1837126596348435]"
4.43231632082397,"{'C': 100, 'epsilon': 0.001, 'max_iter': 50, 'tolerance': 0.01, 'degree': 5, 'offset': 0.5}","[3.4155780311604236, 4.019821682896108, 3.5177874013630097, 4.038983029579259, 7.169411459121049]"
4.43428676483523,"{'C': 50, 'epsilon': 0.001, 'max_iter': 50, 'tolerance': 0.001, 'degree': 5, 'offset': 0.5}","[5.286153948700984, 5.451373852323501, 3.696090090962835, 4.197663081528609, 3.5401528506602227]"
4.44276827528075,"{'C': 75, 'epsilon': 0.1, 'max_iter': 10, 'tolerance': 0.001, 'degree': 7, 'offset': 1}","[4.526083318911675, 6.037054488035741, 4.157334094825207, 3.7857237763387457, 3.7076456982923833]"
4.452756584780199,"{'C': 50, 'epsilon': 0.001, 'max_iter': 50, 'tolerance': 0.01, 'degree': 7, 'offset': 1}","[4.043070069260811, 5.732990374391074, 3.950430953450399, 4.68120336590377, 3.856088160894945]"
4.465652598673332,"{'C': 50, 'epsilon': 0.01, 'max_iter': 10, 'tolerance': 0.001, 'degree': 5, 'offset': 0.5}","[3.3740881649164627, 5.038682457408836, 3.7272080774755634, 3.841784246911454, 6.3465000466543415]"
4.502538572990682,"{'C': 100, 'epsilon': 0.001, 'max_iter': 10, 'tolerance': 0.01, 'degree': 7, 'offset': 2}","[4.244249529551631, 5.884149940890184, 3.1323972152344473, 4.082260163961514, 5.169636015315636]"
4.504463939402533,"{'C': 50, 'epsilon': 0.001, 'max_iter': 10, 'tolerance': 0.01, 'degree': 5, 'offset': 1}","[2.7678597166886485, 4.810844689425798, 4.744938345696948, 4.370444247395025, 5.828232697806247]"
4.507853348151328,"{'C': 75, 'epsilon': 0.001, 'max_iter': 50, 'tolerance': 0.001, 'degree': 7, 'offset': 2}","[3.4396438707836494, 3.60154048530042, 4.54533838997873, 5.885136714024713, 5.067607280669129]"
4.51288636402662,"{'C': 75, 'epsilon': 0.1, 'max_iter': 50, 'tolerance': 0.01, 'degree': 5, 'offset': 0.5}","[3.4015712818582333, 3.0503714684595455, 4.84800084393687, 4.718181698890856, 6.5463065269876015]"
4.518972969573765,"{'C': 100, 'epsilon': 0.001, 'max_iter': 10, 'tolerance': 0.01, 'degree': 5, 'offset': 0.5}","[4.0652711392170895, 5.051788824616168, 4.227237446015472, 4.512224876967306, 4.73834256105279]"
4.529714861854636,"{'C': 50, 'epsilon': 0.01, 'max_iter': 10, 'tolerance': 0.01, 'degree': 5, 'offset': 0.5}","[5.098938412531956, 3.2607348506747833, 7.112080644774726, 3.513726016185497, 3.6630943851062168]"
4.534571369950249,"{'C': 50, 'epsilon': 0.001, 'max_iter': 10, 'tolerance': 0.01, 'degree': 7, 'offset': 1}","[4.052550257185708, 4.224887636825183, 4.684153926212459, 4.982583945718514, 4.72868108380938]"
4.552027708225184,"{'C': 50, 'epsilon': 0.1, 'max_iter': 10, 'tolerance': 0.01, 'degree': 7, 'offset': 1}","[4.159441316445718, 5.436894740660036, 3.9816993438472115, 5.381707906611791, 3.8003952335611606]"
4.563524146764641,"{'C': 75, 'epsilon': 0.1, 'max_iter': 10, 'tolerance': 0.001, 'degree': 5, 'offset': 0.5}","[3.688596339493425, 4.784998062384415, 5.50097637734224, 4.155655280332273, 4.687394674270848]"
4.570586826081742,"{'C': 75, 'epsilon': 0.001, 'max_iter': 10, 'tolerance': 0.001, 'degree': 7, 'offset': 2}","[6.5164803836229765, 3.5186896571485784, 5.591268537155798, 3.9973331640232703, 3.2291623884580876]"
4.602361153116434,"{'C': 50, 'epsilon': 0.1, 'max_iter': 50, 'tolerance': 0.01, 'degree': 7, 'offset': 2}","[8.227973950685483, 3.9027311477947544, 3.4037926980069644, 3.5668072166834808, 3.9105007524114903]"
4.614820160941248,"{'C': 75, 'epsilon': 0.001, 'max_iter': 10, 'tolerance': 0.01, 'degree': 7, 'offset': 1}","[4.370392360089575, 4.497667520084119, 4.8370995386796505, 4.969514183583308, 4.39942720226959]"
4.616548872179959,"{'C': 100, 'epsilon': 0.01, 'max_iter': 10, 'tolerance': 0.01, 'degree': 5, 'offset': 0.5}","[6.69770939988815, 3.04238229772781, 5.107401714910425, 3.2986078194773296, 4.936643128896081]"
4.645950510118161,"{'C': 100, 'epsilon': 0.1, 'max_iter': 10, 'tolerance': 0.001, 'degree': 8, 'offset': 2}","[6.753332211262196, 4.379390710376351, 4.807347430335256, 3.752052774380279, 3.5376294242367257]"
4.651029210676695,"{'C': 50, 'epsilon': 0.01, 'max_iter': 50, 'tolerance': 0.001, 'degree': 8, 'offset': 2}","[5.79755885308337, 4.021393108405435, 4.029774651636396, 4.484950281026218, 4.9214691592320605]"
4.682170824719487,"{'C': 75, 'epsilon': 0.01, 'max_iter': 50, 'tolerance': 0.001, 'degree': 7, 'offset': 1}","[6.289282016243865, 4.802876720225929, 3.7606186384234843, 4.012439823112831, 4.54563692559132]"
4.704100528624219,"{'C': 75, 'epsilon': 0.01, 'max_iter': 10, 'tolerance': 0.001, 'degree': 5, 'offset': 0.5}","[4.973792567084834, 4.48293222941201, 3.2400649874032545, 6.295513405388853, 4.528199453832145]"
4.70640100538862,"{'C': 75, 'epsilon': 0.1, 'max_iter': 50, 'tolerance': 0.01, 'degree': 7, 'offset': 2}","[6.729452400753672, 3.429325513654254, 3.1600667056349785, 3.649364978607185, 6.563795428293008]"
4.714047926642735,"{'C': 75, 'epsilon': 0.001, 'max_iter': 50, 'tolerance': 0.01, 'degree': 7, 'offset': 2}","[3.058378795916342, 5.000464752468266, 5.228258795612344, 4.545536421607677, 5.737600867609045]"
4.726134922842933,"{'C': 50, 'epsilon': 0.001, 'max_iter': 10, 'tolerance': 0.001, 'degree': 7, 'offset': 2}","[6.286655502838787, 3.3064041714626375, 3.3844181389357453, 5.04682298035643, 5.606373820621066]"
4.7386455409446855,"{'C': 50, 'epsilon': 0.1, 'max_iter': 10, 'tolerance': 0.01, 'degree': 7, 'offset': 2}","[5.897634428221228, 3.3604903136676096, 5.973159529798246, 3.4728032541825113, 4.989140178853831]"
4.760083395285774,"{'C': 100, 'epsilon': 0.001, 'max_iter': 50, 'tolerance': 0.001, 'degree': 7, 'offset': 1}","[6.063724511650159, 4.892108343793116, 4.352992439992279, 4.7707773359878916, 3.720814345005424]"
4.763372756724975,"{'C': 75, 'epsilon': 0.01, 'max_iter': 50, 'tolerance': 0.01, 'degree': 7, 'offset': 1}","[4.776289376377556, 5.653044189061175, 4.422742588686655, 4.213008274921465, 4.751779354578022]"
4.76656852340022,"{'C': 75, 'epsilon': 0.001, 'max_iter': 10, 'tolerance': 0.01, 'degree': 8, 'offset': 2}","[4.161176593340502, 4.724328573759718, 5.829049360475878, 4.1813976338198104, 4.9368904556051945]"
4.77121787292937,"{'C': 50, 'epsilon': 0.1, 'max_iter': 50, 'tolerance': 0.01, 'degree': 5, 'offset': 1}","[4.438637955998823, 6.598772423890509, 3.4451557746601478, 4.210428326023292, 5.163094884074075]"
4.778776082857664,"{'C': 100, 'epsilon': 0.01, 'max_iter': 10, 'tolerance': 0.001, 'degree': 5, 'offset': 0.5}","[4.366686305375239, 5.666007659858846, 5.948346876231846, 3.75326011291852, 4.15957945990387]"
4.784084523694786,"{'C': 75, 'epsilon': 0.001, 'max_iter': 10, 'tolerance': 0.001, 'degree': 8, 'offset': 2}","[5.989183188767494, 4.2527724490851035, 4.044729182372127, 4.453610609418583, 5.180127188830625]"
4.790721917904018,"{'C': 50, 'epsilon': 0.1, 'max_iter': 50, 'tolerance': 0.001, 'degree': 7, 'offset': 1}","[4.024019910052607, 4.98614091770899, 4.304503975866186, 4.14759055395971, 6.4913542319326005]"
4.792321458017367,"{'C': 100, 'epsilon': 0.01, 'max_iter': 10, 'tolerance': 0.01, 'degree': 8, 'offset': 2}","[6.722210783310144, 4.675559022534298, 4.397573699140777, 4.625401083437778, 3.540862701663839]"
4.799588473937336,"{'C': 100, 'epsilon': 0.01, 'max_iter': 50, 'tolerance': 0.01, 'degree': 8, 'offset': 2}","[4.1887342588609755, 4.278334158945099, 5.83895089899047, 4.5840356525233386, 5.1078874003667964]"
4.816492274109434,"{'C': 75, 'epsilon': 0.01, 'max_iter': 10, 'tolerance': 0.01, 'degree': 5, 'offset': 0.5}","[6.018578089345471, 4.9451616906728075, 4.5409662833785545, 5.404057836355491, 3.1736974707948464]"
4.819239089642866,"{'C': 50, 'epsilon': 0.1, 'max_iter': 50, 'tolerance': 0.001, 'degree': 7, 'offset': 2}","[5.3557402562866026, 4.137379915056387, 5.018699565713108, 4.383924083057971, 5.200451628100259]"
4.82923271428195,"{'C': 100, 'epsilon': 0.1, 'max_iter': 10, 'tolerance': 0.01, 'degree': 7, 'offset': 2}","[4.07271134331512, 3.277248504472853, 4.267167217707496, 4.226527141638914, 8.302509364275364]"
4.846458108580569,"{'C': 100, 'epsilon': 0.1, 'max_iter': 10, 'tolerance': 0.01, 'degree': 8, 'offset': 2}","[5.116533676488178, 4.656047551876479, 5.047796848916391, 3.4903064654755545, 5.921606000146237]"
4.847392452329214,"{'C': 50, 'epsilon': 0.01, 'max_iter': 10, 'tolerance': 0.001, 'degree': 7, 'offset': 1}","[5.118136949528132, 5.406190772737149, 3.93485449142154, 5.876079587552071, 3.9017004604071763]"
4.854463197257074,"{'C': 50, 'epsilon': 0.1, 'max_iter': 50, 'tolerance': 0.001, 'degree': 8, 'offset': 2}","[5.119210994453899, 4.455098119364095, 3.846034575544996, 3.471847036716866, 7.3801252602055145]"
4.860548862458363,"{'C': 100, 'epsilon': 0.01, 'max_iter': 10, 'tolerance': 0.001, 'degree': 7, 'offset': 1}","[5.143807852733575, 3.8101118827162663, 4.991903905383393, 5.681214315555925, 4.675706355902656]"
4.866464290441169,"{'C': 50, 'epsilon': 0.001, 'max_iter': 10, 'tolerance': 0.01, 'degree': 8, 'offset': 2}","[4.510259247667384, 5.107999639951631, 3.6388146900411455, 4.291332658487784, 6.7839152160579]"
4.905902276246538,"{'C': 75, 'epsilon': 0.1, 'max_iter': 10, 'tolerance': 0.01, 'degree': 5, 'offset': 0.5}","[6.1037602069471335, 3.3514171561038113, 5.074862681173033, 3.588901577309852, 6.410569759698863]"
4.931000233342746,"{'C': 100, 'epsilon': 0.1, 'max_iter': 10, 'tolerance': 0.01, 'degree': 7, 'offset': 1}","[4.564688647818154, 7.186113361051803, 3.7367269438708086, 4.875038999295269, 4.292433214677697]"
4.942691920428829,"{'C': 50, 'epsilon': 0.001, 'max_iter': 50, 'tolerance': 0.001, 'degree': 9, 'offset': 2}","[5.398314558475353, 4.948505311194735, 4.565322725315245, 4.280305271646791, 5.5210117355120225]"
4.94810758240082,"{'C': 50, 'epsilon': 0.01, 'max_iter': 10, 'tolerance': 0.001, 'degree': 7, 'offset': 2}","[3.490510239757795, 5.248549391817551, 3.5794439514870438, 3.0340515873443694, 9.387982741597343]"
4.9508357431569845,"{'C': 100, 'epsilon': 0.01, 'max_iter': 50, 'tolerance': 0.01, 'degree': 7, 'offset': 1}","[4.360437737514165, 4.845100891912731, 4.271122322015013, 4.118818526680761, 7.158699237662249]"
4.9621578038673215,"{'C': 75, 'epsilon': 0.01, 'max_iter': 10, 'tolerance': 0.01, 'degree': 7, 'offset': 0.5}","[5.227239697704806, 5.521911079948196, 4.7752528920480595, 4.509888415305032, 4.776496934330513]"
4.972702020360588,"{'C': 100, 'epsilon': 0.01, 'max_iter': 50, 'tolerance': 0.001, 'degree': 8, 'offset': 2}","[8.429334621589952, 4.630406270325104, 4.157037073780211, 3.849348544922942, 3.7973835911847336]"
4.978487391563222,"{'C': 75, 'epsilon': 0.001, 'max_iter': 10, 'tolerance': 0.01, 'degree': 5, 'offset': 0.5}","[5.795600796446984, 4.394247903088084, 4.513051085376422, 3.8820631364200984, 6.307474036484521]"
4.979772364735377,"{'C': 75, 'epsilon': 0.001, 'max_iter': 50, 'tolerance': 0.01, 'degree': 5, 'offset': 0.5}","[5.298204438263368, 5.331304385887542, 3.803933405583444, 3.900702343009048, 6.564717250933485]"
4.986204206287735,"{'C': 75, 'epsilon': 0.1, 'max_iter': 10, 'tolerance': 0.01, 'degree': 7, 'offset': 2}","[6.735971432142895, 4.625013396191236, 3.692714469191118, 6.405022581875294, 3.4722991520381297]"
4.998944611252782,"{'C': 50, 'epsilon': 0.01, 'max_iter': 50, 'tolerance': 0.001, 'degree': 9, 'offset': 2}","[4.402290777093701, 5.335168619467551, 6.278470831567232, 4.657202946428172, 4.321589881707254]"
5.001375702079314,"{'C': 100, 'epsilon': 0.001, 'max_iter': 10, 'tolerance': 0.001, 'degree': 8, 'offset': 2}","[6.978695952647209, 4.474923936059497, 5.261484115576359, 3.892816630945675, 4.398957875167831]"
5.014605702538446,"{'C': 75, 'epsilon': 0.01, 'max_iter': 10, 'tolerance': 0.001, 'degree': 7, 'offset': 1}","[4.436056977175087, 7.85088633678631, 4.2276840954356, 4.0960767107547, 4.462324392540535]"
5.029837447412985,"{'C': 100, 'epsilon': 0.01, 'max_iter': 50, 'tolerance': 0.001, 'degree': 9, 'offset': 2}","[4.9191691808966915, 6.046346226719684, 4.7938740092627095, 4.750517917181359, 4.639279903004483]"
5.038092593654121,"{'C': 75, 'epsilon': 0.1, 'max_iter': 10, 'tolerance': 0.001, 'degree': 8, 'offset': 2}","[3.862530598138633, 3.9127859111079366, 3.691440456026559, 8.24355445287926, 5.480151550118218]"
5.052982021013343,"{'C': 50, 'epsilon': 0.001, 'max_iter': 50, 'tolerance': 0.01, 'degree': 5, 'offset': 0.5}","[4.27979617754961, 4.115876048011464, 3.9961708621296936, 6.276600864239306, 6.596466153136643]"
5.055355220452233,"{'C': 75, 'epsilon': 0.01, 'max_iter': 10, 'tolerance': 0.01, 'degree': 8, 'offset': 2}","[3.530276869307401, 5.256487367641264, 4.588343805490642, 7.211704704907565, 4.689963354914291]"
5.055802459990902,"{'C': 75, 'epsilon': 0.001, 'max_iter': 10, 'tolerance': 0.01, 'degree': 9, 'offset': 2}","[5.189794026101002, 5.2939450570574085, 5.502178878918932, 4.371527718229856, 4.92156661964731]"
5.070258560919201,"{'C': 100, 'epsilon': 0.1, 'max_iter': 10, 'tolerance': 0.001, 'degree': 7, 'offset': 2}","[3.6712846893044953, 5.922462864513138, 3.610837562584833, 7.116571670722624, 5.030136017470912]"
5.097463901948659,"{'C': 50, 'epsilon': 0.1, 'max_iter': 50, 'tolerance': 0.001, 'degree': 9, 'offset': 2}","[4.579672073688299, 6.95109799694447, 4.692238561451753, 4.361579575658119, 4.902731302000655]"
5.101256229659332,"{'C': 100, 'epsilon': 0.001, 'max_iter': 10, 'tolerance': 0.01, 'degree': 8, 'offset': 2}","[4.119028081252303, 4.157941452264618, 4.188266895194921, 5.411470297268909, 7.629574422315909]"
5.153551110470143,"{'C': 50, 'epsilon': 0.01, 'max_iter': 50, 'tolerance': 0.01, 'degree': 7, 'offset': 2}","[6.462115287528736, 3.179685002952735, 3.4747633522946937, 6.665821544451112, 5.985370365123437]"
5.154821543652366,"{'C': 75, 'epsilon': 0.01, 'max_iter': 10, 'tolerance': 0.001, 'degree': 8, 'offset': 1}","[5.150834931710945, 4.7940117093409595, 5.347856276697605, 5.062522377208082, 5.4188824233042405]"
5.158799840645526,"{'C': 100, 'epsilon': 0.001, 'max_iter': 50, 'tolerance': 0.01, 'degree': 8, 'offset': 2}","[4.839320933090177, 5.382695234979307, 3.8882762942027465, 4.8696909546799265, 6.814015786275468]"
5.202338658618102,"{'C': 100, 'epsilon': 0.001, 'max_iter': 50, 'tolerance': 0.001, 'degree': 9, 'offset': 2}","[4.742451491329836, 5.043846353791933, 4.6824108351635765, 5.7988770334898145, 5.744107579315351]"
5.212289178886771,"{'C': 50, 'epsilon': 0.001, 'max_iter': 50, 'tolerance': 0.01, 'degree': 7, 'offset': 0.5}","[4.284790423135339, 7.0364773956579, 4.699145778915429, 5.383904302899459, 4.657127993825728]"
5.224540910045535,"{'C': 100, 'epsilon': 0.1, 'max_iter': 50, 'tolerance': 0.001, 'degree': 8, 'offset': 1}","[4.587603125081622, 5.397103610035773, 5.5528513879933, 4.975731612917557, 5.609414814199426]"
5.22713599874581,"{'C': 50, 'epsilon': 0.01, 'max_iter': 10, 'tolerance': 0.01, 'degree': 8, 'offset': 2}","[5.813428183653532, 4.2513309889503645, 4.138165727493995, 7.785725373967856, 4.147029719663304]"
5.242423303348805,"{'C': 50, 'epsilon': 0.1, 'max_iter': 10, 'tolerance': 0.001, 'degree': 7, 'offset': 0.5}","[5.839033827039328, 4.629863627948668, 5.0089516951734305, 5.533368852294796, 5.200898514287802]"
5.242569527799404,"{'C': 75, 'epsilon': 0.1, 'max_iter': 10, 'tolerance': 0.01, 'degree': 7, 'offset': 1}","[6.61482017346087, 5.046857365232693, 5.747534474917764, 4.997530495162522, 3.806105130223169]"
5.261488044247283,"{'C': 75, 'epsilon': 0.001, 'max_iter': 10, 'tolerance': 0.01, 'degree': 7, 'offset': 0.5}","[5.557566674476109, 4.687004058195978, 6.3247171194602, 5.209803159151928, 4.528349209952201]"
5.303367689722193,"{'C': 100, 'epsilon': 0.1, 'max_iter': 10, 'tolerance': 0.001, 'degree': 7, 'offset': 1}","[5.53419406387004, 5.68234182973327, 3.87634706496977, 7.55416906283553, 3.869786427202352]"
5.306470153059622,"{'C': 100, 'epsilon': 0.1, 'max_iter': 50, 'tolerance': 0.01, 'degree': 7, 'offset': 1}","[7.478746030156335, 4.5933772072854495, 4.502600043935488, 5.681637206353133, 4.275990277567701]"
5.320254459993943,"{'C': 50, 'epsilon': 0.1, 'max_iter': 50, 'tolerance': 0.01, 'degree': 7, 'offset': 1}","[4.924815711998966, 8.960107539543774, 4.648870970705203, 4.043809979816899, 4.023668097904872]"
5.335840375086768,"{'C': 50, 'epsilon': 0.1, 'max_iter': 50, 'tolerance': 0.01, 'degree': 8, 'offset': 2}","[6.860995163293235, 5.654552021817901, 3.9495153116186876, 3.6418358288093216, 6.5723035498946984]"
5.351106176786834,"{'C': 100, 'epsilon': 0.001, 'max_iter': 50, 'tolerance': 0.01, 'degree': 7, 'offset': 0.5}","[4.527001076155462, 5.394978467761867, 5.069219963256752, 5.484487583031906, 6.279843793728183]"
5.355110666325735,"{'C': 75, 'epsilon': 0.1, 'max_iter': 50, 'tolerance': 0.01, 'degree': 8, 'offset': 2}","[5.95915850101986, 5.849880909888885, 3.37061655237645, 3.849557624445581, 7.746339743897899]"
5.364387724764561,"{'C': 100, 'epsilon': 0.1, 'max_iter': 50, 'tolerance': 0.01, 'degree': 5, 'offset': 0.5}","[6.498403074666898, 6.91512164945419, 5.000311050469526, 4.3323224468667645, 4.075780402365425]"
5.386064491324811,"{'C': 75, 'epsilon': 0.001, 'max_iter': 50, 'tolerance': 0.01, 'degree': 8, 'offset': 2}","[4.135630440018165, 4.457956247796741, 6.334048943277387, 6.1808066222675695, 5.821880203264198]"
5.39038463365948,"{'C': 100, 'epsilon': 0.001, 'max_iter': 50, 'tolerance': 0.001, 'degree': 8, 'offset': 1}","[5.199987375741754, 4.948747191691421, 5.381398920559862, 4.586667214995227, 6.835122465309134]"
5.39718070170957,"{'C': 50, 'epsilon': 0.01, 'max_iter': 50, 'tolerance': 0.01, 'degree': 8, 'offset': 2}","[5.2014410040676795, 5.46585332160284, 6.2785814741817605, 4.215665718011627, 5.824361990683941]"
5.420858390576145,"{'C': 75, 'epsilon': 0.001, 'max_iter': 50, 'tolerance': 0.001, 'degree': 8, 'offset': 2}","[4.385564255031724, 5.139971577514452, 6.410769309245475, 4.907618976411641, 6.260367834677431]"
5.431113157606438,"{'C': 100, 'epsilon': 0.1, 'max_iter': 50, 'tolerance': 0.001, 'degree': 8, 'offset': 2}","[3.990068129742587, 6.2817890042473845, 7.165715044742022, 3.737140954965822, 5.980852654334377]"
5.463673463316437,"{'C': 75, 'epsilon': 0.01, 'max_iter': 10, 'tolerance': 0.001, 'degree': 8, 'offset': 2}","[3.697347589862873, 5.2038724732757995, 4.180794397183208, 9.87559763400398, 4.360755222256322]"
5.472732705809849,"{'C': 75, 'epsilon': 0.001, 'max_iter': 10, 'tolerance': 0.01, 'degree': 7, 'offset': 2}","[7.585580832415389, 4.651327243468385, 3.7786706312952014, 5.035292014582182, 6.312792807288085]"
5.47775634624412,"{'C': 100, 'epsilon': 0.1, 'max_iter': 50, 'tolerance': 0.01, 'degree': 8, 'offset': 2}","[4.091020574949122, 4.543736913235952, 3.7328635839677005, 9.535912449482215, 5.485248209585609]"
5.505454396408551,"{'C': 100, 'epsilon': 0.01, 'max_iter': 10, 'tolerance': 0.01, 'degree': 9, 'offset': 2}","[5.084467927999358, 5.625164557205283, 5.139493122280029, 6.783461186932108, 4.894685187625977]"
5.513965640407951,"{'C': 50, 'epsilon': 0.01, 'max_iter': 10, 'tolerance': 0.01, 'degree': 8, 'offset': 1}","[4.555866028663684, 5.776365318653452, 4.777991659762784, 5.429515150612825, 7.03009004434701]"
5.518941034685469,"{'C': 50, 'epsilon': 0.001, 'max_iter': 10, 'tolerance': 0.001, 'degree': 8, 'offset': 2}","[5.128266469065506, 10.301506618870738, 4.23562323736627, 3.83968356464381, 4.089625283481018]"
5.525120127166163,"{'C': 100, 'epsilon': 0.01, 'max_iter': 50, 'tolerance': 0.001, 'degree': 7, 'offset': 1}","[9.942582855225401, 5.152875878153897, 3.6983541923488046, 3.7556628919471993, 5.076124818155511]"
5.525779304492688,"{'C': 100, 'epsilon': 0.01, 'max_iter': 50, 'tolerance': 0.001, 'degree': 7, 'offset': 0.5}","[5.032948842929684, 5.286037289576814, 7.047363798587759, 4.642405501073709, 5.620141090295472]"
5.532229165085125,"{'C': 100, 'epsilon': 0.01, 'max_iter': 50, 'tolerance': 0.01, 'degree': 8, 'offset': 1}","[4.981703692117671, 5.880625596120151, 5.284209331487729, 6.548829802932068, 4.965777402768006]"
5.546453683130713,"{'C': 100, 'epsilon': 0.001, 'max_iter': 50, 'tolerance': 0.01, 'degree': 9, 'offset': 2}","[6.67991860219771, 6.554920664940623, 4.394508623283425, 4.0151370646669635, 6.087783460564847]"
5.555601354719121,"{'C': 50, 'epsilon': 0.001, 'max_iter': 50, 'tolerance': 0.001, 'degree': 7, 'offset': 0.5}","[4.571345476926606, 6.647562865203109, 5.987360537822313, 5.707657037576896, 4.864080856066687]"
5.5593317828611735,"{'C': 100, 'epsilon': 0.01, 'max_iter': 10, 'tolerance': 0.001, 'degree': 9, 'offset': 2}","[7.8800120064184105, 5.182965198771603, 4.732895028082004, 4.930068397910581, 5.070718283123265]"
5.569934344300384,"{'C': 50, 'epsilon': 0.01, 'max_iter': 50, 'tolerance': 0.001, 'degree': 7, 'offset': 1}","[5.224380566498151, 5.4058983285341355, 4.05160362212928, 7.587768699049974, 5.580020505290378]"
5.608085631301943,"{'C': 75, 'epsilon': 0.01, 'max_iter': 50, 'tolerance': 0.001, 'degree': 7, 'offset': 2}","[6.497226386757189, 3.5064492090756096, 7.2096305159038705, 6.090860028317054, 4.736262016455993]"
5.609336765915062,"{'C': 75, 'epsilon': 0.001, 'max_iter': 10, 'tolerance': 0.01, 'degree': 8, 'offset': 1}","[4.870503115468868, 5.353698411698114, 4.87912482258272, 4.545048068234644, 8.398309411590962]"
5.65806704187453,"{'C': 75, 'epsilon': 0.1, 'max_iter': 10, 'tolerance': 0.01, 'degree': 8, 'offset': 1}","[5.329247340410016, 6.321658248711933, 6.0231167722213215, 5.5474136002248295, 5.0688992478045485]"
5.672751134128104,"{'C': 50, 'epsilon': 0.001, 'max_iter': 10, 'tolerance': 0.001, 'degree': 7, 'offset': 0.5}","[5.212165271239435, 5.887240354663511, 4.662689877180972, 5.549024146092718, 7.052636021463886]"
5.679182156877118,"{'C': 75, 'epsilon': 0.001, 'max_iter': 50, 'tolerance': 0.01, 'degree': 8, 'offset': 1}","[6.019243715951248, 6.5720684858048095, 5.722727305841129, 4.642061351779962, 5.439809925008443]"
5.680111046507385,"{'C': 75, 'epsilon': 0.01, 'max_iter': 50, 'tolerance': 0.01, 'degree': 7, 'offset': 0.5}","[5.109442167678784, 8.456974382248024, 4.838827232681102, 5.598233143560065, 4.397078306368946]"
5.684168972027645,"{'C': 50, 'epsilon': 0.01, 'max_iter': 10, 'tolerance': 0.01, 'degree': 9, 'offset': 2}","[4.974868559492281, 5.046505492228944, 5.383789948059809, 7.878396088744867, 5.1372847716123236]"
5.699098194470652,"{'C': 50, 'epsilon': 0.1, 'max_iter': 50, 'tolerance': 0.01, 'degree': 9, 'offset': 2}","[5.282456080994982, 5.292181009537734, 6.4100042849291174, 6.424799893910572, 5.086049702980856]"
5.707342862919641,"{'C': 75, 'epsilon': 0.01, 'max_iter': 10, 'tolerance': 0.001, 'degree': 9, 'offset': 2}","[6.368937463576705, 6.009376768297468, 5.006740365161727, 5.252765287223686, 5.89889443033862]"
5.725142315403462,"{'C': 100, 'epsilon': 0.01, 'max_iter': 10, 'tolerance': 0.01, 'degree': 7, 'offset': 0.5}","[5.245532184931656, 5.659861345079761, 5.343729089650263, 6.136763227787893, 6.239825729567741]"
5.72930272013812,"{'C': 75, 'epsilon': 0.01, 'max_iter': 10, 'tolerance': 0.01, 'degree': 9, 'offset': 2}","[7.314548779605333, 5.3347412105929015, 5.824010306586811, 4.896726032760712, 5.27648727114485]"
5.735492645311498,"{'C': 100, 'epsilon': 0.001, 'max_iter': 10, 'tolerance': 0.01, 'degree': 7, 'offset': 0.5}","[8.170334430893877, 5.416341169434717, 5.465547279727777, 5.133099053081968, 4.492141293419158]"
5.738819579189905,"{'C': 50, 'epsilon': 0.1, 'max_iter': 10, 'tolerance': 0.01, 'degree': 9, 'offset': 2}","[5.352736853839077, 5.230930463391694, 4.474786670979549, 4.724305423198, 8.911338484541202]"
5.755644163761966,"{'C': 50, 'epsilon': 0.1, 'max_iter': 10, 'tolerance': 0.01, 'degree': 8, 'offset': 2}","[5.401047161009543, 4.7297772193847205, 8.009198079898525, 6.417710443083746, 4.2204879154332975]"
5.767780004663753,"{'C': 100, 'epsilon': 0.001, 'max_iter': 10, 'tolerance': 0.01, 'degree': 8, 'offset': 1}","[5.01865117549453, 6.781168531763114, 6.701324034500107, 4.773662181988511, 5.5640940995724995]"
5.7679951610273035,"{'C': 75, 'epsilon': 0.1, 'max_iter': 50, 'tolerance': 0.001, 'degree': 8, 'offset': 1}","[7.582640007043124, 5.871033614456087, 4.8203267625857125, 4.999686853770856, 5.566288567280739]"
5.780013091042406,"{'C': 50, 'epsilon': 0.01, 'max_iter': 10, 'tolerance': 0.001, 'degree': 8, 'offset': 1}","[5.759858058856977, 4.910063140080816, 6.861743625117015, 5.326280635856996, 6.042119995300224]"
5.7836408479559935,"{'C': 50, 'epsilon': 0.1, 'max_iter': 50, 'tolerance': 0.001, 'degree': 8, 'offset': 1}","[5.0573125528543175, 5.1522229717216605, 6.515613827367717, 5.102343531708078, 7.090711356128198]"
5.785677914097135,"{'C': 100, 'epsilon': 0.001, 'max_iter': 10, 'tolerance': 0.001, 'degree': 7, 'offset': 0.5}","[4.886937126242538, 4.985547079149561, 7.029930805776449, 5.9324934895905335, 6.093481069726594]"
5.8023758961595595,"{'C': 75, 'epsilon': 0.01, 'max_iter': 50, 'tolerance': 0.001, 'degree': 8, 'offset': 2}","[5.3142051364898935, 7.351316512136999, 5.537307742025081, 4.199835145017951, 6.609214945127875]"
5.81368283871124,"{'C': 50, 'epsilon': 0.1, 'max_iter': 10, 'tolerance': 0.001, 'degree': 7, 'offset': 1}","[4.367466997596507, 5.3384689458879855, 6.175024304623925, 4.371177485213814, 8.81627646023397]"
5.816000437947413,"{'C': 50, 'epsilon': 0.001, 'max_iter': 50, 'tolerance': 0.001, 'degree': 7, 'offset': 1}","[7.773843777857466, 6.317911657933104, 4.507145901695009, 6.153453480714419, 4.327647371537067]"
5.820681683390472,"{'C': 100, 'epsilon': 0.1, 'max_iter': 50, 'tolerance': 0.001, 'degree': 9, 'offset': 2}","[5.679879430730179, 6.111375724949719, 6.821846755238566, 4.6644965364234405, 5.82580996961045]"
5.831798913207281,"{'C': 75, 'epsilon': 0.1, 'max_iter': 50, 'tolerance': 0.001, 'degree': 8, 'offset': 2}","[4.133264306833748, 10.421445052227941, 4.098810954671693, 3.8166529461356347, 6.688821306167394]"
5.834475000646678,"{'C': 75, 'epsilon': 0.1, 'max_iter': 10, 'tolerance': 0.01, 'degree': 8, 'offset': 2}","[6.235306201007678, 9.27356353911654, 4.143679666185703, 4.415457427021814, 5.104368169901654]"
5.836570522559109,"{'C': 50, 'epsilon': 0.1, 'max_iter': 10, 'tolerance': 0.01, 'degree': 7, 'offset': 0.5}","[5.444578262391607, 5.631150432046604, 6.4684856664334855, 5.8123186874788395, 5.826319564445006]"
5.841049848222129,"{'C': 100, 'epsilon': 0.1, 'max_iter': 50, 'tolerance': 0.01, 'degree': 7, 'offset': 0.5}","[9.661561357789875, 4.700740429290329, 4.886792948429255, 5.093426879095372, 4.862727626505813]"
5.85954572173455,"{'C': 50, 'epsilon': 0.01, 'max_iter': 10, 'tolerance': 0.01, 'degree': 7, 'offset': 0.5}","[6.407367057194348, 4.796352035467495, 4.388259281026644, 8.68412393616624, 5.021626298818021]"
5.86048209202873,"{'C': 50, 'epsilon': 0.001, 'max_iter': 10, 'tolerance': 0.01, 'degree': 9, 'offset': 2}","[5.609897203887671, 6.550200351064335, 5.276274339457272, 4.667923543638862, 7.198115022095508]"
5.870744884850959,"{'C': 100, 'epsilon': 0.01, 'max_iter': 10, 'tolerance': 0.001, 'degree': 8, 'offset': 1}","[6.653751850292096, 7.6239195077730475, 4.768384931434679, 4.989206333206638, 5.318461801548334]"
5.871514763793702,"{'C': 100, 'epsilon': 0.01, 'max_iter': 50, 'tolerance': 0.01, 'degree': 9, 'offset': 2}","[4.78443736788134, 6.100266030038807, 5.475095052655338, 5.295667177657073, 7.702108190735954]"
5.8877551935063295,"{'C': 50, 'epsilon': 0.001, 'max_iter': 10, 'tolerance': 0.01, 'degree': 7, 'offset': 0.5}","[5.604273107699886, 5.620843823438623, 6.134101456664039, 5.604813066374737, 6.474744513354359]"
5.890893412378665,"{'C': 50, 'epsilon': 0.001, 'max_iter': 50, 'tolerance': 0.001, 'degree': 8, 'offset': 2}","[4.078673546617852, 10.306470533975576, 3.752943968054019, 3.9723002743191707, 7.34407873892671]"
5.899591203974415,"{'C': 100, 'epsilon': 0.1, 'max_iter': 50, 'tolerance': 0.001, 'degree': 7, 'offset': 0.5}","[4.904495202262197, 8.005292531020432, 6.34615889291569, 5.135515196428785, 5.106494197244974]"
5.918037096521999,"{'C': 75, 'epsilon': 0.01, 'max_iter': 10, 'tolerance': 0.001, 'degree': 9, 'offset': 1}","[5.813542240388566, 5.86620212493381, 6.449179504446609, 5.8049635007124065, 5.656298112128602]"
5.956683573507547,"{'C': 100, 'epsilon': 0.001, 'max_iter': 10, 'tolerance': 0.001, 'degree': 8, 'offset': 1}","[5.023398432109536, 5.313683604275005, 9.29843896339826, 4.84336246045024, 5.304534407304698]"
5.9673145741482445,"{'C': 75, 'epsilon': 0.1, 'max_iter': 10, 'tolerance': 0.01, 'degree': 7, 'offset': 0.5}","[6.536321250963502, 5.604108527594912, 7.097709093862574, 6.18299957559377, 4.415434422726466]"
6.004074026474676,"{'C': 75, 'epsilon': 0.1, 'max_iter': 10, 'tolerance': 0.01, 'degree': 9, 'offset': 2}","[5.786320718161969, 5.697500779082912, 7.868343243867721, 4.57378274319385, 6.09442264806693]"
6.017829549513864,"{'C': 50, 'epsilon': 0.1, 'max_iter': 50, 'tolerance': 0.01, 'degree': 9, 'offset': 1}","[6.223408947960929, 6.294705640352868, 5.850612629045463, 5.704812498198594, 6.0156080320114675]"
6.0273773082073845,"{'C': 75, 'epsilon': 0.01, 'max_iter': 10, 'tolerance': 0.01, 'degree': 7, 'offset': 1}","[5.744168800375536, 4.501186956401929, 9.35733653714441, 4.4158049002528, 6.118389346862246]"
6.04013438513311,"{'C': 50, 'epsilon': 0.01, 'max_iter': 10, 'tolerance': 0.001, 'degree': 9, 'offset': 2}","[5.828635237122877, 7.915940845350921, 4.5299609544155235, 6.677180288017308, 5.248954600758923]"
6.041788710626049,"{'C': 100, 'epsilon': 0.001, 'max_iter': 10, 'tolerance': 0.01, 'degree': 9, 'offset': 2}","[5.859172479688635, 4.50678012857906, 5.006191193664719, 5.694494393292483, 9.14230535790535]"
6.043134266095746,"{'C': 100, 'epsilon': 0.1, 'max_iter': 50, 'tolerance': 0.001, 'degree': 9, 'offset': 1}","[6.135227383374644, 7.016739671673649, 5.556112099652973, 6.034985850478049, 5.472606325299412]"
6.0542538128500265,"{'C': 100, 'epsilon': 0.001, 'max_iter': 10, 'tolerance': 0.001, 'degree': 7, 'offset': 1}","[4.310872565479838, 6.952994265382288, 6.13598430453604, 7.020872163490984, 5.850545765360979]"
6.055071685717939,"{'C': 75, 'epsilon': 0.001, 'max_iter': 50, 'tolerance': 0.001, 'degree': 7, 'offset': 1}","[9.20903569910863, 6.658552501895132, 4.201143530671907, 4.067109353937243, 6.1395173429767835]"
6.062975714803676,"{'C': 75, 'epsilon': 0.001, 'max_iter': 50, 'tolerance': 0.01, 'degree': 7, 'offset': 1}","[7.625924779804601, 6.851220185270354, 5.306110807891266, 6.557395424329592, 3.974227376722563]"
6.065176915312156,"{'C': 100, 'epsilon': 0.01, 'max_iter': 50, 'tolerance': 0.01, 'degree': 9, 'offset': 1}","[6.476181156389616, 6.373013308892683, 5.93418116149666, 6.417681732127147, 5.124827217654673]"
6.0686873800801235,"{'C': 100, 'epsilon': 0.1, 'max_iter': 50, 'tolerance': 0.001, 'degree': 7, 'offset': 1}","[7.581475537892199, 5.974351233160183, 4.921095535850444, 4.333152135465017, 7.533362458032772]"
6.089447714262694,"{'C': 50, 'epsilon': 0.1, 'max_iter': 50, 'tolerance': 0.001, 'degree': 7, 'offset': 0.5}","[4.769134566907638, 5.749977333845082, 5.176437247770818, 6.61723378156459, 8.134455641225342]"
6.10414589641306,"{'C': 50, 'epsilon': 0.001, 'max_iter': 50, 'tolerance': 0.001, 'degree': 8, 'offset': 1}","[5.6230298643361465, 8.537422264337648, 5.759960734521372, 5.350452311270278, 5.249864307599857]"
6.1066536876785715,"{'C': 50, 'epsilon': 0.1, 'max_iter': 10, 'tolerance': 0.01, 'degree': 8, 'offset': 1}","[4.8322038450928915, 7.302142350117936, 5.633399344430434, 5.230292837361437, 7.53523006139016]"
6.1105284446580805,"{'C': 75, 'epsilon': 0.1, 'max_iter': 50, 'tolerance': 0.01, 'degree': 7, 'offset': 0.5}","[4.955624256686202, 8.767451914194625, 4.964209089230017, 5.497865248780476, 6.367491714399082]"
6.141711880503204,"{'C': 100, 'epsilon': 0.001, 'max_iter': 10, 'tolerance': 0.01, 'degree': 7, 'offset': 1}","[4.215060758243816, 4.431893232182854, 7.878616050369076, 5.981052141568713, 8.20193722015156]"
6.143603155141029,"{'C': 100, 'epsilon': 0.01, 'max_iter': 10, 'tolerance': 0.01, 'degree': 8, 'offset': 1}","[4.861481574887094, 5.708213375124108, 9.62893672506403, 5.503288501658098, 5.016095598971812]"
6.147626275589525,"{'C': 75, 'epsilon': 0.001, 'max_iter': 50, 'tolerance': 0.001, 'degree': 9, 'offset': 2}","[5.152338980322787, 5.63026538964644, 4.807323983257941, 7.734981910354221, 7.413221114366232]"
6.157198804874077,"{'C': 50, 'epsilon': 0.001, 'max_iter': 10, 'tolerance': 0.001, 'degree': 7, 'offset': 1}","[4.234282307913306, 8.487445636240325, 4.133391079115128, 4.509760174137521, 9.421114826964104]"
6.1747255800669105,"{'C': 100, 'epsilon': 0.1, 'max_iter': 10, 'tolerance': 0.01, 'degree': 8, 'offset': 1}","[5.410075901112851, 5.4541425083980775, 5.811085568035649, 5.779039042957917, 8.419284879830057]"
6.179949638908321,"{'C': 50, 'epsilon': 0.01, 'max_iter': 10, 'tolerance': 0.01, 'degree': 7, 'offset': 1}","[5.389857297825967, 5.2651007956990945, 4.767713595437621, 6.633879493596408, 8.843197011982516]"
6.187557994298238,"{'C': 50, 'epsilon': 0.01, 'max_iter': 10, 'tolerance': 0.001, 'degree': 8, 'offset': 2}","[4.317384752965449, 9.788389611264737, 4.261017245933072, 4.235047479489161, 8.335950881838775]"
6.200615816284872,"{'C': 100, 'epsilon': 0.001, 'max_iter': 50, 'tolerance': 0.001, 'degree': 8, 'offset': 2}","[11.326870585221828, 5.645130037091437, 4.237964815315176, 3.857748037417409, 5.935365606378509]"
6.202279799149894,"{'C': 75, 'epsilon': 0.001, 'max_iter': 50, 'tolerance': 0.001, 'degree': 7, 'offset': 0.5}","[5.068545940364468, 4.854721548214806, 9.604502400126153, 6.3354128849048195, 5.148216222139219]"
6.236585061946445,"{'C': 75, 'epsilon': 0.001, 'max_iter': 10, 'tolerance': 0.001, 'degree': 7, 'offset': 1}","[4.407768637701396, 4.603721258386406, 6.38363989845746, 10.427569307459326, 5.360226207727637]"
6.245954281622987,"{'C': 100, 'epsilon': 0.001, 'max_iter': 10, 'tolerance': 0.001, 'degree': 9, 'offset': 1}","[7.369840880552408, 7.36524659137958, 5.20187923163122, 6.379416356367929, 4.913388348183797]"
6.246754859394779,"{'C': 75, 'epsilon': 0.001, 'max_iter': 50, 'tolerance': 0.01, 'degree': 9, 'offset': 2}","[6.324971993527198, 7.418883345070458, 4.497726158586682, 4.356874972319733, 8.635317827469825]"
6.257381332155665,"{'C': 75, 'epsilon': 0.001, 'max_iter': 50, 'tolerance': 0.01, 'degree': 9, 'offset': 1}","[6.112243695780712, 6.436360187793039, 6.5796339540242705, 6.399127271251434, 5.759541551928871]"
6.26959862440184,"{'C': 50, 'epsilon': 0.1, 'max_iter': 10, 'tolerance': 0.001, 'degree': 8, 'offset': 1}","[4.515930537763865, 9.482791246269112, 6.094937704876414, 4.80918542976125, 6.445148203338556]"
6.271940956381329,"{'C': 75, 'epsilon': 0.1, 'max_iter': 50, 'tolerance': 0.001, 'degree': 7, 'offset': 1}","[3.9119261937850562, 5.418202663559593, 6.396391264377875, 8.936260212038606, 6.696924448145518]"
6.275510327756273,"{'C': 50, 'epsilon': 0.1, 'max_iter': 50, 'tolerance': 0.001, 'degree': 9, 'offset': 1}","[5.907081860713046, 6.431865288669343, 6.45328907588143, 6.840438556415813, 5.744876857101737]"
6.338340697561672,"{'C': 100, 'epsilon': 0.001, 'max_iter': 10, 'tolerance': 0.01, 'degree': 9, 'offset': 1}","[5.385133781373059, 7.752576655753249, 5.717053039934286, 6.501030893618149, 6.335909117129615]"
6.3508835019706735,"{'C': 100, 'epsilon': 0.1, 'max_iter': 10, 'tolerance': 0.001, 'degree': 9, 'offset': 2}","[4.852897756065208, 7.2014580367480905, 5.519884044157605, 4.296304871390746, 9.88387280149172]"
6.368288540687244,"{'C': 100, 'epsilon': 0.1, 'max_iter': 10, 'tolerance': 0.001, 'degree': 8, 'offset': 1}","[5.454521655099131, 6.117601401175174, 5.603368091646573, 5.935504108560018, 8.73044744695533]"
6.378107302544366,"{'C': 75, 'epsilon': 0.001, 'max_iter': 50, 'tolerance': 0.01, 'degree': 7, 'offset': 0.5}","[6.224598575286975, 5.570910514164582, 5.17986934301923, 7.715127087170024, 7.200030993081022]"
6.381347242609113,"{'C': 50, 'epsilon': 0.01, 'max_iter': 10, 'tolerance': 0.001, 'degree': 7, 'offset': 0.5}","[5.628646788955001, 4.724367638449521, 4.922035146349891, 5.920012516311038, 10.711674122980117]"
6.390980929392081,"{'C': 50, 'epsilon': 0.001, 'max_iter': 50, 'tolerance': 0.01, 'degree': 9, 'offset': 2}","[5.023322670106108, 7.2043336544139605, 9.63030060328636, 5.12151646039229, 4.9754312587616925]"
6.391932735602434,"{'C': 100, 'epsilon': 0.1, 'max_iter': 50, 'tolerance': 0.01, 'degree': 8, 'offset': 0.5}","[5.885748185131848, 6.905669705341562, 7.13069826395841, 6.019978577681808, 6.0175689458985415]"
6.403963669301251,"{'C': 75, 'epsilon': 0.01, 'max_iter': 10, 'tolerance': 0.01, 'degree': 8, 'offset': 1}","[5.2030849452052665, 6.363864267764817, 7.827804499203719, 5.516590542777193, 7.108474091555261]"
6.40541095545486,"{'C': 100, 'epsilon': 0.001, 'max_iter': 50, 'tolerance': 0.001, 'degree': 9, 'offset': 1}","[6.246137264086067, 6.543327971960243, 6.393834787198687, 7.446312510654632, 5.397442243374677]"
6.409801856360241,"{'C': 50, 'epsilon': 0.1, 'max_iter': 50, 'tolerance': 0.01, 'degree': 7, 'offset': 0.5}","[5.773478377694334, 6.1762995134707195, 5.136211206151287, 5.395192688538611, 9.567827495946256]"
6.409990499403608,"{'C': 50, 'epsilon': 0.01, 'max_iter': 50, 'tolerance': 0.001, 'degree': 9, 'offset': 1}","[5.93799127001429, 9.17082015658371, 5.69328777951556, 6.073732103730761, 5.174121187173714]"
6.410443720373382,"{'C': 75, 'epsilon': 0.001, 'max_iter': 50, 'tolerance': 0.001, 'degree': 8, 'offset': 1}","[10.553708212404237, 7.113162839546596, 5.160222853726842, 4.654333637837803, 4.570791058351434]"
6.415154724450117,"{'C': 50, 'epsilon': 0.001, 'max_iter': 10, 'tolerance': 0.001, 'degree': 9, 'offset': 1}","[6.419768369928977, 8.370982324567791, 5.864816335577318, 6.27770985168939, 5.142496740487105]"
6.4571387278246295,"{'C': 75, 'epsilon': 0.001, 'max_iter': 10, 'tolerance': 0.001, 'degree': 7, 'offset': 0.5}","[4.318518733171132, 5.550724180846401, 5.00955062973342, 5.556921471087696, 11.849978624284494]"
6.4765423307296475,"{'C': 50, 'epsilon': 0.001, 'max_iter': 10, 'tolerance': 0.001, 'degree': 8, 'offset': 1}","[7.7334755201916625, 5.635445716087538, 5.461144756063662, 6.030368318947769, 7.522277342357606]"
6.483040086025976,"{'C': 75, 'epsilon': 0.01, 'max_iter': 50, 'tolerance': 0.001, 'degree': 7, 'offset': 0.5}","[4.792691137096273, 11.18380497376591, 4.922394392316008, 5.8124397667492165, 5.703870160202472]"
6.498749001860459,"{'C': 50, 'epsilon': 0.1, 'max_iter': 50, 'tolerance': 0.01, 'degree': 8, 'offset': 1}","[5.0498385933967045, 5.304084172442865, 8.44718918770798, 6.4931109329807475, 7.199522122773996]"
6.501232754218874,"{'C': 100, 'epsilon': 0.001, 'max_iter': 50, 'tolerance': 0.01, 'degree': 7, 'offset': 2}","[7.0040954530621065, 7.5289388558928225, 4.2725721677302, 6.73792251478493, 6.962634779624314]"
6.519433974380196,"{'C': 75, 'epsilon': 0.1, 'max_iter': 10, 'tolerance': 0.001, 'degree': 7, 'offset': 0.5}","[4.740275021324431, 5.0403470605806975, 6.7012230427499375, 9.42798726881618, 6.687337478429733]"
6.530071915925719,"{'C': 100, 'epsilon': 0.1, 'max_iter': 50, 'tolerance': 0.01, 'degree': 9, 'offset': 2}","[11.145521887446687, 5.110539097521124, 5.484689770484429, 4.776090681316787, 6.133518142859566]"
6.548525537458308,"{'C': 75, 'epsilon': 0.1, 'max_iter': 10, 'tolerance': 0.01, 'degree': 8, 'offset': 0.5}","[6.296666363276911, 6.838619272357512, 5.37180254605123, 6.246352686732061, 7.989186818873823]"
6.563097583698823,"{'C': 50, 'epsilon': 0.01, 'max_iter': 50, 'tolerance': 0.001, 'degree': 8, 'offset': 1}","[6.39945260405086, 5.388348449724883, 6.123917472589813, 5.898482569189812, 9.005286822938748]"
6.600167349154188,"{'C': 50, 'epsilon': 0.01, 'max_iter': 50, 'tolerance': 0.01, 'degree': 7, 'offset': 0.5}","[4.5808079309305425, 8.338359256308298, 5.288457744388624, 4.5111827192102885, 10.282029094933188]"
6.617957024269012,"{'C': 50, 'epsilon': 0.01, 'max_iter': 50, 'tolerance': 0.01, 'degree': 8, 'offset': 0.5}","[6.529158136652188, 5.942813189701433, 6.390215027619066, 6.497459403474636, 7.730139363897732]"
6.627801031908051,"{'C': 75, 'epsilon': 0.1, 'max_iter': 50, 'tolerance': 0.01, 'degree': 8, 'offset': 1}","[6.2006000132553165, 5.7639496510143955, 7.1200925642796555, 5.294678343530049, 8.759684587460837]"
6.630248533608932,"{'C': 75, 'epsilon': 0.1, 'max_iter': 10, 'tolerance': 0.001, 'degree': 8, 'offset': 1}","[7.327555651492999, 6.0492396465056615, 5.562669623641639, 4.8862612064053, 9.325516539999057]"
6.6327350115600066,"{'C': 100, 'epsilon': 0.01, 'max_iter': 10, 'tolerance': 0.01, 'degree': 8, 'offset': 0.5}","[5.981048791307322, 6.897259781485975, 7.138719812069059, 6.171578117064557, 6.975068555873119]"
6.658472280373003,"{'C': 75, 'epsilon': 0.001, 'max_iter': 10, 'tolerance': 0.001, 'degree': 9, 'offset': 2}","[5.314441894096564, 5.962325201453822, 5.525548483370113, 7.228682177629113, 9.261363645315404]"
6.665731150322877,"{'C': 75, 'epsilon': 0.1, 'max_iter': 50, 'tolerance': 0.01, 'degree': 7, 'offset': 1}","[4.295315187194632, 8.779128962365753, 9.137753463141731, 6.958812317341147, 4.15764582157112]"
6.6746137877430085,"{'C': 50, 'epsilon': 0.01, 'max_iter': 50, 'tolerance': 0.01, 'degree': 9, 'offset': 2}","[12.666927297196237, 5.846434893969997, 4.261707087830979, 6.105979064441364, 4.492020595276463]"
6.711580731286922,"{'C': 100, 'epsilon': 0.01, 'max_iter': 10, 'tolerance': 0.001, 'degree': 8, 'offset': 0.5}","[7.2561301753218554, 6.562521815015882, 7.37663554435539, 5.671927584960298, 6.690688536781182]"
6.76735996842776,"{'C': 75, 'epsilon': 0.01, 'max_iter': 50, 'tolerance': 0.01, 'degree': 8, 'offset': 1}","[5.431803640881796, 7.641559911817713, 8.016340767782106, 5.2603457454935, 7.486749776163688]"
6.772368530156841,"{'C': 100, 'epsilon': 0.1, 'max_iter': 10, 'tolerance': 0.01, 'degree': 9, 'offset': 2}","[10.598539146559663, 7.405541611712983, 5.419982667558879, 5.216351483348982, 5.221427741603697]"
6.781188000816789,"{'C': 75, 'epsilon': 0.1, 'max_iter': 50, 'tolerance': 0.001, 'degree': 9, 'offset': 2}","[5.8699755727264025, 6.1189290380778125, 4.808876212623462, 7.856322367869546, 9.251836812786717]"
6.790240320139394,"{'C': 50, 'epsilon': 0.01, 'max_iter': 50, 'tolerance': 0.001, 'degree': 9, 'offset': 0.5}","[6.277181614174786, 6.52844808941114, 7.231281678043295, 6.586581581995807, 7.327708637071941]"
6.801806072381933,"{'C': 100, 'epsilon': 0.1, 'max_iter': 50, 'tolerance': 0.001, 'degree': 9, 'offset': 0.5}","[6.623423917625376, 6.582202301220266, 7.0228900878224865, 7.054528292815848, 6.72598576242569]"
6.80512589236106,"{'C': 75, 'epsilon': 0.1, 'max_iter': 50, 'tolerance': 0.01, 'degree': 8, 'offset': 0.5}","[6.817432109069832, 6.375960375949104, 6.773111185729293, 6.686821470927217, 7.372304320129854]"
6.8068457860153755,"{'C': 50, 'epsilon': 0.1, 'max_iter': 10, 'tolerance': 0.001, 'degree': 8, 'offset': 0.5}","[7.047085948274879, 7.3299753964382885, 6.56963547064256, 6.750333661190962, 6.337198453530187]"
6.84556881716766,"{'C': 100, 'epsilon': 0.1, 'max_iter': 10, 'tolerance': 0.001, 'degree': 7, 'offset': 0.5}","[6.085157695920144, 6.11133410162304, 5.315133009662641, 5.07924616742895, 11.63697311120352]"
6.851569678826881,"{'C': 75, 'epsilon': 0.01, 'max_iter': 10, 'tolerance': 0.01, 'degree': 9, 'offset': 0.5}","[7.777835129385874, 6.921928947651926, 6.815906243367195, 6.491540750645012, 6.2506373230844]"
6.875063028642313,"{'C': 100, 'epsilon': 0.001, 'max_iter': 50, 'tolerance': 0.001, 'degree': 9, 'offset': 0.5}","[5.991858353939062, 8.554775969807471, 7.057467775119261, 5.429398525757421, 7.34181451858835]"
6.921079905613597,"{'C': 100, 'epsilon': 0.001, 'max_iter': 50, 'tolerance': 0.001, 'degree': 7, 'offset': 0.5}","[7.160659456980543, 5.855684865318341, 5.605390196468158, 11.494867424186026, 4.4887975851149164]"
6.929794964452607,"{'C': 100, 'epsilon': 0.01, 'max_iter': 50, 'tolerance': 0.001, 'degree': 9, 'offset': 1}","[7.895883981944745, 6.566122367769748, 5.575913040439267, 7.812842382015227, 6.79821305009405]"
6.931341413450811,"{'C': 75, 'epsilon': 0.01, 'max_iter': 50, 'tolerance': 0.01, 'degree': 8, 'offset': 2}","[7.849433570151015, 4.443670534792833, 9.935740355482917, 7.05071886380704, 5.37714374302025]"
6.940544012623313,"{'C': 75, 'epsilon': 0.01, 'max_iter': 10, 'tolerance': 0.001, 'degree': 7, 'offset': 0.5}","[4.9812851315669056, 5.093667158106071, 4.669920460048994, 5.720375001488224, 14.23747231190637]"
6.953201493164547,"{'C': 50, 'epsilon': 0.01, 'max_iter': 50, 'tolerance': 0.001, 'degree': 7, 'offset': 0.5}","[6.178525158793591, 4.709239526148541, 11.254653247404253, 8.196490403956307, 4.427099129520048]"
6.956415372197239,"{'C': 75, 'epsilon': 0.1, 'max_iter': 10, 'tolerance': 0.001, 'degree': 9, 'offset': 2}","[8.724147305743246, 5.873800601617578, 5.147059873800463, 5.323512627249225, 9.71355645257568]"
6.985150190663771,"{'C': 100, 'epsilon': 0.001, 'max_iter': 50, 'tolerance': 0.01, 'degree': 9, 'offset': 1}","[6.4570972210606286, 8.136868560706702, 7.443912228088492, 6.1482269453037866, 6.73964599815924]"
6.986603792998939,"{'C': 75, 'epsilon': 0.01, 'max_iter': 10, 'tolerance': 0.001, 'degree': 9, 'offset': 0.5}","[6.443537111506846, 9.507733468980685, 6.3790617117487365, 6.794625727286454, 5.808060945471974]"
7.04232303745579,"{'C': 100, 'epsilon': 0.01, 'max_iter': 10, 'tolerance': 0.001, 'degree': 9, 'offset': 1}","[5.808164063754518, 7.599984879674626, 6.767595791800977, 7.657278515154989, 7.378591936893848]"
7.046146154681589,"{'C': 75, 'epsilon': 0.1, 'max_iter': 50, 'tolerance': 0.01, 'degree': 9, 'offset': 2}","[7.228204497519418, 10.069594834491625, 6.131121278124498, 5.739545038326726, 6.062265124945678]"
7.0521420502548695,"{'C': 100, 'epsilon': 0.1, 'max_iter': 50, 'tolerance': 0.01, 'degree': 8, 'offset': 1}","[5.885419578077931, 5.27783113904127, 10.115639408260138, 6.255428493459721, 7.726391632435281]"
7.0528134828792615,"{'C': 50, 'epsilon': 0.1, 'max_iter': 10, 'tolerance': 0.001, 'degree': 9, 'offset': 1}","[6.022650153403013, 12.306509598954, 5.82870616671026, 5.8213579247349045, 5.284843570594138]"
7.063790294640926,"{'C': 100, 'epsilon': 0.1, 'max_iter': 50, 'tolerance': 0.01, 'degree': 9, 'offset': 1}","[6.536963689374537, 6.842572790663255, 6.335413734704896, 7.932269100942386, 7.671732157519552]"
7.069738836278871,"{'C': 75, 'epsilon': 0.001, 'max_iter': 50, 'tolerance': 0.01, 'degree': 8, 'offset': 0.5}","[6.744861638301808, 7.143450292011314, 7.513632478548827, 6.621578797208312, 7.325170975324093]"
7.07780837131336,"{'C': 75, 'epsilon': 0.01, 'max_iter': 50, 'tolerance': 0.01, 'degree': 9, 'offset': 1}","[5.786467563192246, 6.416363112090267, 10.556782785258122, 6.343452674795646, 6.28597572123052]"
7.096256483418507,"{'C': 75, 'epsilon': 0.01, 'max_iter': 50, 'tolerance': 0.001, 'degree': 8, 'offset': 1}","[4.7141118890930604, 7.1445532284078945, 9.216076208281534, 5.1139876033190665, 9.292553487990977]"
7.125469652525264,"{'C': 100, 'epsilon': 0.1, 'max_iter': 10, 'tolerance': 0.01, 'degree': 9, 'offset': 1}","[6.991103842673802, 7.992969068610812, 6.46957972402277, 7.3722055323176905, 6.801490095001243]"
7.12631100739303,"{'C': 50, 'epsilon': 0.001, 'max_iter': 10, 'tolerance': 0.001, 'degree': 8, 'offset': 0.5}","[6.040500225430856, 6.149556095979733, 6.6881024724767855, 8.435309714677274, 8.318086528400498]"
7.133987097390113,"{'C': 75, 'epsilon': 0.001, 'max_iter': 10, 'tolerance': 0.01, 'degree': 9, 'offset': 1}","[6.0486657677994495, 8.177729689218912, 5.609926049839355, 7.83204645987194, 8.001567520220902]"
7.145532412942165,"{'C': 75, 'epsilon': 0.01, 'max_iter': 50, 'tolerance': 0.01, 'degree': 9, 'offset': 2}","[7.431196771578148, 5.892281579917915, 4.301142179642278, 8.484068450345035, 9.618973083227454]"
7.188411194136708,"{'C': 75, 'epsilon': 0.001, 'max_iter': 10, 'tolerance': 0.01, 'degree': 8, 'offset': 0.5}","[7.308944012654234, 7.834336369783224, 6.086712011002225, 8.494151981460208, 6.217911595783648]"
7.1915296653446745,"{'C': 100, 'epsilon': 0.001, 'max_iter': 10, 'tolerance': 0.001, 'degree': 9, 'offset': 2}","[4.68216729105044, 6.562492253473813, 11.407771908845374, 6.049950348435838, 7.255266524917903]"
7.19424194419677,"{'C': 100, 'epsilon': 0.01, 'max_iter': 10, 'tolerance': 0.001, 'degree': 9, 'offset': 0.5}","[7.841766050123061, 7.801061351739131, 7.069147601311939, 7.147380007122077, 6.111854710687641]"
7.20571423531383,"{'C': 100, 'epsilon': 0.01, 'max_iter': 10, 'tolerance': 0.01, 'degree': 9, 'offset': 0.5}","[7.771318088707383, 6.405325732028712, 8.510593158891757, 6.89705493261587, 6.444279264325428]"
7.221859032627288,"{'C': 75, 'epsilon': 0.1, 'max_iter': 50, 'tolerance': 0.001, 'degree': 7, 'offset': 0.5}","[4.732672313075028, 12.735331593934516, 8.184905394528778, 5.553484870567104, 4.902900991031011]"
7.259860803489825,"{'C': 100, 'epsilon': 0.001, 'max_iter': 10, 'tolerance': 0.01, 'degree': 9, 'offset': 0.5}","[6.398900609169953, 7.825162118553441, 7.141596393295082, 8.736629031090269, 6.197015865340383]"
7.263355865617761,"{'C': 100, 'epsilon': 0.01, 'max_iter': 50, 'tolerance': 0.001, 'degree': 8, 'offset': 0.5}","[6.423865059956071, 9.623441843526333, 6.2071280169027805, 6.125734718961971, 7.93660968874165]"
7.2738583269113715,"{'C': 50, 'epsilon': 0.001, 'max_iter': 10, 'tolerance': 0.01, 'degree': 9, 'offset': 0.5}","[7.171029219540177, 8.107194715614998, 6.592488117270578, 6.2578668624267335, 8.240712719704371]"
7.28537765619425,"{'C': 100, 'epsilon': 0.001, 'max_iter': 10, 'tolerance': 0.001, 'degree': 8, 'offset': 0.5}","[6.096728091785079, 7.633742162579514, 8.487779756893739, 7.675055241957691, 6.533583027755226]"
7.286748558541909,"{'C': 50, 'epsilon': 0.001, 'max_iter': 50, 'tolerance': 0.01, 'degree': 9, 'offset': 1}","[6.369976110147926, 10.7367523251541, 5.939111190184463, 5.668667677812693, 7.719235489410366]"
7.324908444469207,"{'C': 100, 'epsilon': 0.001, 'max_iter': 50, 'tolerance': 0.001, 'degree': 8, 'offset': 0.5}","[6.421836535347528, 7.94524260784294, 7.0016701294811, 8.6991168837931, 6.556676065881368]"
7.342926478415658,"{'C': 75, 'epsilon': 0.1, 'max_iter': 50, 'tolerance': 0.001, 'degree': 9, 'offset': 1}","[5.812101412202734, 8.740185971668945, 10.251232500821782, 6.812090686832951, 5.099021820551876]"
7.347793590170765,"{'C': 50, 'epsilon': 0.001, 'max_iter': 10, 'tolerance': 0.01, 'degree': 9, 'offset': 1}","[6.6287762084547435, 10.775063316580182, 5.292992245636179, 7.919356481051648, 6.122779699131078]"
7.368914684726121,"{'C': 100, 'epsilon': 0.1, 'max_iter': 10, 'tolerance': 0.001, 'degree': 9, 'offset': 0.5}","[7.345135042200967, 7.986279326254042, 9.223534296371719, 6.024699000926686, 6.264925757877195]"
7.392361019181007,"{'C': 50, 'epsilon': 0.1, 'max_iter': 50, 'tolerance': 0.01, 'degree': 8, 'offset': 0.5}","[7.630651612684796, 6.518234517840129, 8.475086374153168, 6.6784377577033895, 7.6593948335235496]"
7.3946477637569545,"{'C': 50, 'epsilon': 0.01, 'max_iter': 10, 'tolerance': 0.001, 'degree': 8, 'offset': 0.5}","[6.264646376444897, 9.27377705824411, 7.382801989617633, 7.275145952994008, 6.776867441484121]"
7.4014738565566915,"{'C': 100, 'epsilon': 0.01, 'max_iter': 50, 'tolerance': 0.01, 'degree': 8, 'offset': 0.5}","[6.910535725048799, 7.268750410954601, 7.67780419754927, 8.37165184619532, 6.778627103035465]"
7.427117943754522,"{'C': 75, 'epsilon': 0.001, 'max_iter': 10, 'tolerance': 0.001, 'degree': 8, 'offset': 1}","[4.836912653498615, 5.8481223786865115, 12.437567195314083, 5.096994663968853, 8.915992827304548]"
7.441851808724249,"{'C': 50, 'epsilon': 0.001, 'max_iter': 10, 'tolerance': 0.001, 'degree': 9, 'offset': 0.5}","[7.42857566914122, 7.6331026873832695, 6.767903789722071, 6.4780087317249855, 8.901668165649701]"
7.456221288422387,"{'C': 75, 'epsilon': 0.01, 'max_iter': 50, 'tolerance': 0.001, 'degree': 9, 'offset': 1}","[6.785252052902406, 6.555891234579801, 6.939366475291331, 6.282572311706073, 10.718024367632323]"
7.466138250132914,"{'C': 50, 'epsilon': 0.001, 'max_iter': 10, 'tolerance': 0.001, 'degree': 9, 'offset': 2}","[11.46633288418895, 5.954604685265154, 7.684943397352785, 5.237623455159135, 6.9871868286985475]"
7.478165627487789,"{'C': 75, 'epsilon': 0.1, 'max_iter': 10, 'tolerance': 0.001, 'degree': 8, 'offset': 0.5}","[6.179659671646647, 6.639124072782837, 9.448216241224273, 7.090094008934877, 8.033734142850312]"
7.491008664123472,"{'C': 50, 'epsilon': 0.01, 'max_iter': 10, 'tolerance': 0.01, 'degree': 9, 'offset': 1}","[6.351370091008522, 6.967386693806009, 8.30629283413599, 6.291311363352138, 9.538682338314702]"
7.518799305076037,"{'C': 75, 'epsilon': 0.001, 'max_iter': 10, 'tolerance': 0.001, 'degree': 9, 'offset': 0.5}","[6.371435526205858, 6.647202702187989, 8.32484564648834, 7.3984246784555765, 8.852087972042417]"
7.527824151655774,"{'C': 100, 'epsilon': 0.01, 'max_iter': 10, 'tolerance': 0.001, 'degree': 7, 'offset': 0.5}","[12.117255165148297, 6.049875089253671, 5.273634171519855, 6.938688256902248, 7.259668075454795]"
7.558629066937388,"{'C': 100, 'epsilon': 0.1, 'max_iter': 10, 'tolerance': 0.01, 'degree': 7, 'offset': 0.5}","[4.998354170166325, 8.297506971135059, 7.424745738503278, 7.830155217269319, 9.242383237612959]"
7.589117351576581,"{'C': 100, 'epsilon': 0.1, 'max_iter': 50, 'tolerance': 0.01, 'degree': 9, 'offset': 0.5}","[6.826849974144247, 8.873672099711646, 6.890048822079956, 6.936524043335235, 8.418491818611827]"
7.600250935625692,"{'C': 100, 'epsilon': 0.01, 'max_iter': 10, 'tolerance': 0.01, 'degree': 7, 'offset': 1}","[4.167975625442127, 6.346163812966587, 13.543607526964593, 4.304333005670276, 9.639174707084878]"
7.600719207070172,"{'C': 50, 'epsilon': 0.01, 'max_iter': 10, 'tolerance': 0.001, 'degree': 9, 'offset': 1}","[6.421099450395566, 7.439482686924116, 10.78119715442851, 7.3303290272496175, 6.031487716353048]"
7.606424627039854,"{'C': 75, 'epsilon': 0.01, 'max_iter': 10, 'tolerance': 0.001, 'degree': 8, 'offset': 0.5}","[9.099749021992045, 6.45017494281946, 7.653559740550519, 8.636063025550932, 6.192576404286315]"
7.668908029917896,"{'C': 75, 'epsilon': 0.001, 'max_iter': 10, 'tolerance': 0.01, 'degree': 9, 'offset': 0.5}","[6.4549982966669255, 7.757986398685212, 6.626570367956091, 9.438700020907506, 8.066285065373743]"
7.677880487493454,"{'C': 75, 'epsilon': 0.001, 'max_iter': 10, 'tolerance': 0.001, 'degree': 8, 'offset': 0.5}","[10.931913074563177, 6.027291986901885, 6.654224668924283, 7.52849070572811, 7.247482001349809]"
7.6979390019423235,"{'C': 50, 'epsilon': 0.1, 'max_iter': 50, 'tolerance': 0.001, 'degree': 9, 'offset': 0.5}","[6.236160394005184, 8.387596305252792, 7.272786963278682, 8.776073806466096, 7.817077540708866]"
7.723528334767456,"{'C': 100, 'epsilon': 0.1, 'max_iter': 10, 'tolerance': 0.01, 'degree': 9, 'offset': 0.5}","[8.699623980675645, 7.385525251894891, 6.604850274618904, 6.898613897761543, 9.029028268886297]"
7.738239072137323,"{'C': 75, 'epsilon': 0.1, 'max_iter': 50, 'tolerance': 0.01, 'degree': 9, 'offset': 0.5}","[6.609784291331712, 8.378820960588374, 6.191900914895616, 10.594164418305553, 6.9165247755653585]"
7.738479673886578,"{'C': 75, 'epsilon': 0.001, 'max_iter': 50, 'tolerance': 0.001, 'degree': 9, 'offset': 1}","[7.781306623086838, 6.554113804078368, 11.178732771283935, 7.192705803099318, 5.985539367884439]"
7.74964635108378,"{'C': 100, 'epsilon': 0.001, 'max_iter': 50, 'tolerance': 0.01, 'degree': 8, 'offset': 1}","[10.343012689185734, 6.26175149821093, 6.331942216534536, 5.229926982069637, 10.581598369418064]"
7.755079869012573,"{'C': 50, 'epsilon': 0.001, 'max_iter': 50, 'tolerance': 0.01, 'degree': 8, 'offset': 1}","[8.310359852486712, 5.3110444419737215, 7.1557711410742755, 13.109324031469445, 4.88889987805871]"
7.757510871295736,"{'C': 50, 'epsilon': 0.1, 'max_iter': 10, 'tolerance': 0.01, 'degree': 9, 'offset': 1}","[6.895937606775269, 10.355457788349932, 6.184434719587555, 5.898751879635149, 9.45297236213077]"
7.765169077866963,"{'C': 100, 'epsilon': 0.001, 'max_iter': 50, 'tolerance': 0.01, 'degree': 9, 'offset': 0.5}","[7.391122083943472, 9.047692686249604, 7.031882130339262, 8.711845615933512, 6.643302872868962]"
7.779892485343946,"{'C': 75, 'epsilon': 0.01, 'max_iter': 10, 'tolerance': 0.01, 'degree': 8, 'offset': 0.5}","[6.422256018832106, 7.069324586782846, 7.190474078373518, 5.899283171098631, 12.318124571632628]"
7.792185126856272,"{'C': 50, 'epsilon': 0.01, 'max_iter': 10, 'tolerance': 0.001, 'degree': 9, 'offset': 0.5}","[7.806808171206583, 7.795813899457518, 11.063730942201683, 6.130277091517612, 6.164295529897964]"
7.792394542182374,"{'C': 75, 'epsilon': 0.01, 'max_iter': 50, 'tolerance': 0.01, 'degree': 8, 'offset': 0.5}","[6.1789792336272455, 7.719312221831356, 7.467614496295895, 5.887598187322849, 11.70846857183453]"
7.813820329037729,"{'C': 50, 'epsilon': 0.01, 'max_iter': 10, 'tolerance': 0.01, 'degree': 9, 'offset': 0.5}","[10.280030888688167, 8.610516357156085, 7.558761540399633, 6.915156699110043, 5.704636159834713]"
7.8155072620371495,"{'C': 100, 'epsilon': 0.01, 'max_iter': 50, 'tolerance': 0.001, 'degree': 8, 'offset': 1}","[6.547169649594198, 11.685379329248583, 5.91818083420586, 5.211650338990802, 9.715156158146307]"
7.882219059036645,"{'C': 100, 'epsilon': 0.001, 'max_iter': 50, 'tolerance': 0.01, 'degree': 8, 'offset': 0.5}","[5.792998571411949, 7.588282160732481, 11.26327388590958, 6.792054310922267, 7.974486366206944]"
7.895089552050811,"{'C': 50, 'epsilon': 0.1, 'max_iter': 50, 'tolerance': 0.01, 'degree': 9, 'offset': 0.5}","[6.228418661095087, 7.386049184215446, 9.294534252164821, 10.774519629331863, 5.791926033446842]"
7.897970183798266,"{'C': 100, 'epsilon': 0.01, 'max_iter': 50, 'tolerance': 0.01, 'degree': 7, 'offset': 0.5}","[6.697057988770868, 11.535456389328546, 8.496668996975375, 5.889097365239722, 6.871570178676818]"
7.910413599745318,"{'C': 75, 'epsilon': 0.001, 'max_iter': 50, 'tolerance': 0.001, 'degree': 8, 'offset': 0.5}","[7.892902491623647, 8.44329152509259, 6.256224575152602, 6.921906375236151, 10.037743031621597]"
7.955859726810561,"{'C': 100, 'epsilon': 0.1, 'max_iter': 50, 'tolerance': 0.001, 'degree': 8, 'offset': 0.5}","[6.653641020473946, 7.849073900803056, 8.485801298162254, 7.992827334276153, 8.797955080337399]"
7.971280361517924,"{'C': 100, 'epsilon': 0.001, 'max_iter': 10, 'tolerance': 0.01, 'degree': 8, 'offset': 0.5}","[7.3462672687771695, 11.30460619566632, 5.90479486733746, 6.64650144644008, 8.65423202936859]"
7.997737137429259,"{'C': 75, 'epsilon': 0.1, 'max_iter': 10, 'tolerance': 0.01, 'degree': 9, 'offset': 0.5}","[12.872510520827422, 7.51149663729305, 7.038517414014904, 6.253300137124594, 6.312860977886326]"
8.01403277524188,"{'C': 75, 'epsilon': 0.1, 'max_iter': 50, 'tolerance': 0.001, 'degree': 8, 'offset': 0.5}","[7.523404863811314, 7.479306462530124, 8.04530023518822, 7.798806183409511, 9.223346131270235]"
8.041648442727217,"{'C': 100, 'epsilon': 0.1, 'max_iter': 10, 'tolerance': 0.01, 'degree': 8, 'offset': 0.5}","[5.924885390800708, 6.649359716846275, 13.79292100806967, 6.575919924430315, 7.26515617348912]"
8.08004635819029,"{'C': 50, 'epsilon': 0.001, 'max_iter': 10, 'tolerance': 0.01, 'degree': 8, 'offset': 1}","[5.0151190581971745, 5.9433144401257945, 6.118422254896167, 16.119706822162765, 7.203669215569538]"
8.080267366790958,"{'C': 100, 'epsilon': 0.01, 'max_iter': 50, 'tolerance': 0.001, 'degree': 9, 'offset': 0.5}","[6.8311873218751105, 6.560693658175815, 6.312363371692375, 13.653683811889444, 7.043408670322041]"
8.090248388159338,"{'C': 75, 'epsilon': 0.01, 'max_iter': 50, 'tolerance': 0.01, 'degree': 9, 'offset': 0.5}","[6.314241389800383, 7.981695719177449, 7.201171979220158, 6.740593382767947, 12.213539469830756]"
8.140329911447074,"{'C': 50, 'epsilon': 0.01, 'max_iter': 50, 'tolerance': 0.001, 'degree': 8, 'offset': 0.5}","[6.22316648798443, 10.927085644287363, 6.952058062996014, 8.290288494818688, 8.309050867148873]"
8.225240429590599,"{'C': 75, 'epsilon': 0.1, 'max_iter': 10, 'tolerance': 0.001, 'degree': 9, 'offset': 1}","[8.367598502248084, 7.509063362606486, 6.7400979607218705, 9.665950153701038, 8.843492168675514]"
8.248235993451933,"{'C': 50, 'epsilon': 0.1, 'max_iter': 10, 'tolerance': 0.01, 'degree': 9, 'offset': 0.5}","[6.710104716613253, 8.663860040625785, 9.71465129842883, 7.102365930610228, 9.050197980981569]"
8.262060011527577,"{'C': 75, 'epsilon': 0.001, 'max_iter': 50, 'tolerance': 0.01, 'degree': 9, 'offset': 0.5}","[10.043590101086451, 9.011234029310863, 6.069189782838825, 7.496181007405066, 8.690105136996683]"
8.27942839620051,"{'C': 100, 'epsilon': 0.1, 'max_iter': 10, 'tolerance': 0.001, 'degree': 8, 'offset': 0.5}","[9.20024163953783, 8.413107716922013, 6.564412520762194, 5.955099381340442, 11.264280722440073]"
8.347746102788397,"{'C': 75, 'epsilon': 0.1, 'max_iter': 50, 'tolerance': 0.001, 'degree': 9, 'offset': 0.5}","[11.258529907420565, 7.762537354053227, 7.5746709743451035, 9.822483921844848, 5.320508356278244]"
8.364087560254568,"{'C': 75, 'epsilon': 0.01, 'max_iter': 50, 'tolerance': 0.001, 'degree': 9, 'offset': 0.5}","[7.341860205593308, 7.245772216260569, 5.989940599968898, 6.394132560491114, 14.848732218958949]"
8.385277201812249,"{'C': 50, 'epsilon': 0.001, 'max_iter': 50, 'tolerance': 0.001, 'degree': 8, 'offset': 0.5}","[5.901030037219321, 9.800485946373199, 8.348030731767432, 5.940462709040878, 11.936376584660414]"
8.393299376365345,"{'C': 50, 'epsilon': 0.1, 'max_iter': 10, 'tolerance': 0.001, 'degree': 9, 'offset': 2}","[11.820733054738481, 6.146697472512771, 12.247801882087257, 5.3598019466628015, 6.391462525825413]"
8.420262992964847,"{'C': 75, 'epsilon': 0.01, 'max_iter': 50, 'tolerance': 0.001, 'degree': 9, 'offset': 2}","[11.471195153650362, 8.14790228889035, 8.625777045943158, 6.733094702643622, 7.123345773696741]"
8.431051683400273,"{'C': 50, 'epsilon': 0.01, 'max_iter': 50, 'tolerance': 0.01, 'degree': 8, 'offset': 1}","[9.722641950403172, 8.478778523513748, 6.096682382755469, 5.002778293129234, 12.854377267199752]"
8.45971834727067,"{'C': 100, 'epsilon': 0.01, 'max_iter': 10, 'tolerance': 0.01, 'degree': 9, 'offset': 1}","[6.379842171899258, 16.181412755588532, 6.9133498860166736, 6.536175875623429, 6.287811047225455]"
8.582070687859447,"{'C': 50, 'epsilon': 0.1, 'max_iter': 10, 'tolerance': 0.01, 'degree': 8, 'offset': 0.5}","[8.06601260160177, 7.135544292566507, 8.02326857981643, 12.385870026303097, 7.299657939009437]"
8.594226615149035,"{'C': 75, 'epsilon': 0.1, 'max_iter': 10, 'tolerance': 0.001, 'degree': 9, 'offset': 0.5}","[7.215206925682902, 8.247620790380918, 15.046327113347022, 6.574135811413952, 5.887842434920377]"
8.651178250175937,"{'C': 50, 'epsilon': 0.1, 'max_iter': 10, 'tolerance': 0.001, 'degree': 9, 'offset': 0.5}","[7.230542704614243, 7.494156115798155, 7.644880406309358, 10.600175512110521, 10.286136512047404]"
8.663956944639079,"{'C': 50, 'epsilon': 0.001, 'max_iter': 50, 'tolerance': 0.001, 'degree': 9, 'offset': 1}","[6.6569713927746985, 13.865319559264652, 5.886605419435991, 8.550164448025447, 8.360723903694604]"
8.694109025532272,"{'C': 75, 'epsilon': 0.01, 'max_iter': 50, 'tolerance': 0.001, 'degree': 8, 'offset': 0.5}","[7.2091470225872065, 6.8200727885136425, 10.907691535056516, 8.924272876771207, 9.609360904732789]"
8.717249425056943,"{'C': 75, 'epsilon': 0.1, 'max_iter': 10, 'tolerance': 0.01, 'degree': 9, 'offset': 1}","[6.560506138117776, 7.109390891599638, 17.466293656600666, 6.228981190227797, 6.221075248738838]"
8.873690412351968,"{'C': 50, 'epsilon': 0.01, 'max_iter': 50, 'tolerance': 0.01, 'degree': 9, 'offset': 1}","[8.243302195470463, 6.299853901620651, 6.140095903162996, 7.217501539491077, 16.467698522014654]"
8.91284314355151,"{'C': 75, 'epsilon': 0.001, 'max_iter': 50, 'tolerance': 0.001, 'degree': 9, 'offset': 0.5}","[6.788316347556844, 16.654001194184772, 8.894445051403425, 6.0242691246327915, 6.203183999979719]"
9.001790345554891,"{'C': 50, 'epsilon': 0.1, 'max_iter': 50, 'tolerance': 0.001, 'degree': 8, 'offset': 0.5}","[10.951579700370095, 5.928295329313448, 6.656623709217393, 8.983134982170737, 12.489318006702788]"
9.013702596386832,"{'C': 75, 'epsilon': 0.001, 'max_iter': 10, 'tolerance': 0.001, 'degree': 9, 'offset': 1}","[5.727740303796181, 9.951949188703312, 10.548820532288858, 6.9985175840509735, 11.841485373094843]"
9.08369660989079,"{'C': 50, 'epsilon': 0.01, 'max_iter': 10, 'tolerance': 0.01, 'degree': 8, 'offset': 0.5}","[6.0744422733782875, 6.812686168495746, 6.264787130857917, 7.219909625714148, 19.046657851007858]"
9.114405281769853,"{'C': 50, 'epsilon': 0.001, 'max_iter': 10, 'tolerance': 0.01, 'degree': 8, 'offset': 0.5}","[10.384595836419043, 7.550878519827438, 11.907280519675364, 10.049030735268525, 5.680240797658895]"
9.237020973216293,"{'C': 75, 'epsilon': 0.01, 'max_iter': 10, 'tolerance': 0.01, 'degree': 9, 'offset': 1}","[11.569785649433989, 6.450226550920972, 12.551822214042339, 5.445363926711375, 10.167906524972787]"
9.990055344654962,"{'C': 100, 'epsilon': 0.1, 'max_iter': 10, 'tolerance': 0.001, 'degree': 9, 'offset': 1}","[14.370008109483022, 15.03858329784637, 7.435191780249325, 6.938781574284254, 6.167711961411842]"
10.24889074657916,"{'C': 50, 'epsilon': 0.001, 'max_iter': 50, 'tolerance': 0.001, 'degree': 9, 'offset': 0.5}","[13.75874524591297, 14.581792315752987, 7.629653929034267, 8.293797925909123, 6.98046431628646]"
10.408222166247533,"{'C': 100, 'epsilon': 0.01, 'max_iter': 50, 'tolerance': 0.01, 'degree': 9, 'offset': 0.5}","[7.323936777891499, 19.044389975287267, 9.022149057120364, 7.505008995121033, 9.145626025817506]"
10.54619851759006,"{'C': 75, 'epsilon': 0.1, 'max_iter': 50, 'tolerance': 0.01, 'degree': 9, 'offset': 1}","[9.268290089436102, 7.254290657182862, 5.944699805308681, 6.322274610964889, 23.941437425057764]"
10.889427400115299,"{'C': 100, 'epsilon': 0.001, 'max_iter': 10, 'tolerance': 0.001, 'degree': 9, 'offset': 0.5}","[7.637966483144631, 17.637937355592896, 7.6010262348899795, 6.893013943772189, 14.677192983176791]"
10.89928700314862,"{'C': 50, 'epsilon': 0.001, 'max_iter': 50, 'tolerance': 0.01, 'degree': 8, 'offset': 0.5}","[6.257154250115301, 8.727159332094844, 7.579501547981801, 22.447067485371953, 9.485552400179204]"
11.800548569471033,"{'C': 50, 'epsilon': 0.001, 'max_iter': 50, 'tolerance': 0.01, 'degree': 9, 'offset': 0.5}","[8.334717180968125, 17.564525802992858, 6.9972170888644705, 17.97051695293835, 8.135765821591363]"
12.898726668794946,"{'C': 50, 'epsilon': 0.01, 'max_iter': 50, 'tolerance': 0.01, 'degree': 9, 'offset': 0.5}","[14.287228219345439, 24.183442213973482, 7.214389411948612, 12.108056483808943, 6.700517014898265]"
